url,昵称,标题,性别,回答数目,关注者,文章,描述
https://www.zhihu.com/people/lao-si-ji-36-35-27/following,老司机APP,看车选车买车聊车，就上老司机！,男,9,934,9,
https://www.zhihu.com/people/SIr.E/following,Sir.E,小作夫人的小作先生。喜欢夫人❤️,男,574,4141,24,
https://www.zhihu.com/people/panluan/following,潘乱,,男,15,767,1,
https://www.zhihu.com/people/song-wei-57/following,宋玮,《财经》杂志,女,1,391,0,
https://www.zhihu.com/people/chang-kong-56-44/following,对长,游戏和互联网,男,,12176,12,
https://www.zhihu.com/people/gong-jiang-pai/following,工匠派,designer,男,3,1565,6,
https://www.zhihu.com/people/xuxiangang/following,正能量的刚子,辛勤耕耘的一级市场投资人,男,59,11811,16,
https://www.zhihu.com/people/zhouzhao/following,周召,生活家，副业金融,男,424,153852,8,
https://www.zhihu.com/people/nokenshin/following,EVA剑心,WAR3补丁包制作者/退居幕后,男,35,1178,4,
https://www.zhihu.com/people/yang-yang-34-64-3/following,杨扬,国中创投 ♞ IDG资本 ♞ 腾讯,男,,22,0,
https://www.zhihu.com/people/bi-li-bi-li-71-5/following,哔哩哔哩,哔哩哔哩 - ( ゜- ゜)つロ 乾杯~,男,277,213196,23,
https://www.zhihu.com/people/fei-xiao-gui/following,Gfei,心中有爱 脚下有风 所以我跑得快~,女,6,378,0,
https://www.zhihu.com/people/banybai/following,包子,英雄联盟/高级产品经理/内容负责人,男,17,611,34,
https://www.zhihu.com/people/song-dai-rong/following,宋岱融,直播转PE的基础小兵,男,3,718,0,
https://www.zhihu.com/people/damowang/following,郭居正,想当主播之前先照照镜子。,男,19,1258,0,
https://www.zhihu.com/people/san-sheng-zhi-hu/following,三声解读文娱,从商业的角度解读文娱,男,7,647,164,
https://www.zhihu.com/people/zhou-jie-20/following,周捷,少壮不努力，老大做电竞 —— 香蕉计划,男,67,185,0,
https://www.zhihu.com/people/Lyuejin/following,野生懂球帝,我已经没有时间去对我不感兴趣的事情再产生兴趣。汪,男,76,4497,53,
https://www.zhihu.com/people/lycheeorange/following,郦橙锦妖,《PPT进化》已上架京东当当～,女,456,81414,136,
https://www.zhihu.com/people/ming-ji-zowie-gear/following,明基ZOWIE GEAR,Strive for Perfection,男,207,1016,39,
https://www.zhihu.com/people/rosicky311/following,庄明浩（rosicky311）,前VC行业小兵一枚，现创业中,男,606,170197,99,很宅的前vc从业者，数据控、键鼠控、网络安全爱好者……罗西基脑残粉……
https://www.zhihu.com/people/5eplay/following,5EPlay,玩CSGO，上5EPlay,男,87,1929,137,
https://www.zhihu.com/people/ilovecrt/following,我爱CRT,CRT——地表最强显示设备 拒绝回答“这段代码怎么写”/生产制造/政治类问题,女,728,324,4,
https://www.zhihu.com/people/tmtmd/following,老汤,懂点电脑硬件,男,28,10050,37,
https://www.zhihu.com/people/haoyiyi/following,郝艺益,电竞主播选手 熊猫直播344200 ,男,5654,24531,173,
https://www.zhihu.com/people/deanniko/following,院长尼克,"In my heart, I am a gamer",男,83,7192,51,
https://www.zhihu.com/people/li-xiao-feng-sky/following,Sky李晓峰,钛度科技/电子竞技,男,29,103371,9,
https://www.zhihu.com/people/pb612/following,黄涛,孩子使石子改变意义,男,144,99531,22,
https://www.zhihu.com/people/ming-ji-se-cai-guan-li-xian-shi-qi/following,明基色彩管理显示器,真色彩，才专业,女,32,832,18,
https://www.zhihu.com/people/cherry-45-34-15/following,CHERRY,德国 CHERRY,男,46,4929,1,
https://www.zhihu.com/people/ming-ji-zhi-hui-ai-yan/following,明基智慧爱眼,真的爱眼，真的爱你。,男,32,243,5,
https://www.zhihu.com/people/ming-ji-wit/following,明基WiT,为不同生活形态而设计的灯,男,,7,0,
https://www.zhihu.com/people/ming-ji-74-85/following,明基,,男,,9,0,
https://www.zhihu.com/people/wang-da-sha-70/following,格子间里的牧羊人,UESTC/PKUsz CV/Image Processing,男,20,92,3,
https://www.zhihu.com/people/jiang-yichuan-80/following,水冰,,男,16,3,0,
https://www.zhihu.com/people/road-oos/following,road oos,"sorry 他太懒了,没有留下任何东西:)",男,1,8,0,
https://www.zhihu.com/people/suji-yan/following,Suji Yan,,男,338,25572,41,
https://www.zhihu.com/people/iamkoler/following,炎龙说数码,知名数码测评师，您身边的数码顾问！,男,2,250,105,
https://www.zhihu.com/people/zhihuadmin/following,知乎小管家,超厉害！顺便招运营人才和其他各类人才。,男,56,141823,117,
https://www.zhihu.com/people/sharpmaster/following,徐飞,三流程序员，二流架构师,男,228,32150,8,
https://www.zhihu.com/people/pluto-hades/following,Pluto Hades,学而不思则罔，思而不学则殆。,男,725,392,0,
https://www.zhihu.com/people/liu-kai-jie-11/following,faf758840a7dfc52,,男,200,465,3,
https://www.zhihu.com/people/kunana/following,Kunana XP,宅，学生，世界公民，喵&gt;.,男,62,134,0,
https://www.zhihu.com/people/feng-salomebz/following,JOJO,腹黑又温柔的天蝎座,女,115,2385,0,
https://www.zhihu.com/people/riverscn/following,川叶,电子产品爱好者,男,79,524,0,
https://www.zhihu.com/people/Freelancer17/following,Freelancer,Game Developer,男,95,2067,0,
https://www.zhihu.com/people/fish-hui-zhi/following,余蕙芷,不懂求教育,男,48,494,1,
https://www.zhihu.com/people/JeasonStudio/following,牧曈,昨天最好的表现是今天最差的底线。,男,93,402,15,
https://www.zhihu.com/people/eflay/following,油面筋塞肉,,男,755,316,2,
https://www.zhihu.com/people/kkkkk-kyo/following,Konta Takeshi,家庭娱乐,男,497,258,5,
https://www.zhihu.com/people/kor_yao/following,葛尧,塞翁失马，焉知非福,男,174,1846,89,
https://www.zhihu.com/people/yang-chen-ze/following,懒猫,跟着袜子姐舔屏,男,1035,579,5,
https://www.zhihu.com/people/qinlili233/following,琴梨梨,打醒熟睡的，打死装睡的,女,2066,9601,29,
https://www.zhihu.com/people/mu-tou-long/following,木头龙,邀请有点多，回答不过来见谅,男,2022,1559,2,
https://www.zhihu.com/people/drawingjn/following,绘江南,设计专业考研老司机，你问我答，顺路关注下公众号 drawingjn,男,107,2447,37,
https://www.zhihu.com/people/tu-xiao-yu-8-50/following,瑜子酱,室内设计师,女,87,58,0,
https://www.zhihu.com/people/hong-se-de-hei-mao/following,红色的黑猫,宅基腐，在完美画过原画的小渣渣，暴雪脑残粉,女,47,495,0,
https://www.zhihu.com/people/emilia-37/following,黄帅帅,沉迷csgo,男,1,138,0,
https://www.zhihu.com/people/xiaozai/following,乔豆,一直在努力成为不需要努力也能幸福的人。,男,164,11518,1,
https://www.zhihu.com/people/wang-da-da-36/following,鹿森,设计师/弯/伪直男,男,37,1110,1,
https://www.zhihu.com/people/zhang-yun-wu-48/following,张云舞,抛弃幻想，努力学习,男,538,252,3,
https://www.zhihu.com/people/gundth/following,胧幻剑的圆舞曲,IT爱好者,男,5,1,0,
https://www.zhihu.com/people/arthurdent/following,罗天远,非编剪辑师/Hi-Fi行业人士/汽车爱好者/吉他爱好者/PC DIY爱好者/死宅,男,2162,8319,6,
https://www.zhihu.com/people/coolwriter/following,Coolwriter,码农，数码，鬼畜，汽车,男,369,3886,26,
https://www.zhihu.com/people/yuri-cao/following,草履虫,我不同意你，但我支持你。盖知乎遗风矣,男,398,236,0,
https://www.zhihu.com/people/rstar64/following,Deluxo,私信不看，有事值乎,男,241,492,3,
https://www.zhihu.com/people/ji-yun-qwq/following,霁云QwQ,留学生/cv声优/翻唱/直播,女,14,1313,0,
https://www.zhihu.com/people/HMS-HOOD/following,青空V.Mengsk,月見里青空/@月見里沙織 喵！！大好きww/_(:з」∠❀)_,女,386,3422,15,
https://www.zhihu.com/people/bei-ming-you-yu-32-96/following,Granberia,笔记本区划水，可能不答题了，删过时的答案中,女,45,259,0,
https://www.zhihu.com/people/wang-hao-yu-05-17/following,王浩羽,不要忘记，当初为何出发,男,113,1746,7,
https://www.zhihu.com/people/mo-yu-JGH/following,墨鱼,"帮助笔记本小白。
笔电硬件交流学习：783652646",男,126,9004,20,
https://www.zhihu.com/people/gu-gu-18-46/following,咕咕,,男,2,1113,0,
https://www.zhihu.com/people/lin-peng-xiang-68/following,林鹏翔,学生,男,32,22,0,
https://www.zhihu.com/people/ghost-97-66/following,ghost,,男,217,127,1,
https://www.zhihu.com/people/zhihubanquan/following,知乎版权,专注协助知乎用户版权维权,女,30,12589,23,
https://www.zhihu.com/people/sakura-jin/following,彼岸sakura,IT民工，数码控，轻度游戏宅,女,10,6,0,
https://www.zhihu.com/people/shen-lan-bu-lan-yi-wei-zi-1/following,深蓝不蓝以为紫,硬件/历史 /Q172402701/Q群643079397,男,152,40,0,
https://www.zhihu.com/people/feng-yan-ju-le/following,風岩聚楽,不敢膜了,男,182,180,0,
https://www.zhihu.com/people/czj-27-83/following,Adon,手机行业从事者,男,1,1,0,
https://www.zhihu.com/people/chen-shu-xin-79/following,某bit,科技类？,男,76,89,2,
https://www.zhihu.com/people/xue-xie-duan-zi-de-liu-xing/following,刘醒Pro,,女,,55,0,
https://www.zhihu.com/people/xiamenda/following,减紫,机械/天文/邮币卡,男,142,3560,2,
https://www.zhihu.com/people/mei-zu-care/following,魅族Care,追求源于热爱,男,45,1973,0,
https://www.zhihu.com/people/wbsdty331/following,Antokha Nikitin,二号机，UWP 个人开发者，白帽子见习中，硬件交流群 676925809,男,64,408,1,
https://www.zhihu.com/people/yu-yong-ren-69/following,周天无极,周虽旧邦，其命维新,男,297,209,2,
https://www.zhihu.com/people/Yuuki_Chan/following,绿茶Yuuki,硬件吹水群号：464341056，不拉黑异见者，只拉黑傻逼。无派系人士。,男,122,5551,10,
https://www.zhihu.com/people/chen-yong-xiao-96-82/following,陳武,自由自在，做我去爱,男,372,55,0,
https://www.zhihu.com/people/gu-meng-92-45/following,故梦,,男,,2,0,
https://www.zhihu.com/people/pearvideo/following,鸭梨君P,放弃盲从，停止思考。,男,255,344,20,
https://www.zhihu.com/people/he-peng-cheng-72-38/following,天启,,男,157,26,0,
https://www.zhihu.com/people/chen-jing-song-0804/following,陈劲松,Vista看天下杂志 主笔,男,183,13161,0,
https://www.zhihu.com/people/yu-hong-20-15/following,FISH red,,男,305,82,1,
https://www.zhihu.com/people/ti-tan-_/following,体坛加,体坛周报新闻客户端 （官方微信号：titanjia2016）,男,35,8480,180,
https://www.zhihu.com/people/bizhifei/following,毕志飞,电影人,男,9,1857,6,
https://www.zhihu.com/people/gunter-schoech/following,Gunter Schoech,邵士刚      战略管理咨询公司的创始人和执行董事,男,132,11358,7,
https://www.zhihu.com/people/searl-galan/following,Searl Galan,TRPG，脑洞，伪百合伪娘，单身狗，钓鱼大师，英国留学，尊马讨修，宅左,女,298,4482,55,
https://www.zhihu.com/people/long-ma-22-76/following,龙马,,男,41,11748,0,
https://www.zhihu.com/people/midnight-15/following,midnight,visual artist / senior designer,男,46,5818,14,
https://www.zhihu.com/people/gutiguti/following,金狼古十四,,男,40,135,0,
https://www.zhihu.com/people/nai-bao-de-da-shu/following,奶包的大叔,公众号/知识星球：「真理规划局」,男,8,9140,0,
https://www.zhihu.com/people/zhu-xia-ma-a-hong-75/following,[已重置],,男,,95,0,
https://www.zhihu.com/people/luo-yi-cheng-87-86/following,罗义诚,中国悠悠球第一人，古琴新手,男,41,461,3,
https://www.zhihu.com/people/zhong-daxianer/following,钟大仙儿,live、旧答案、收藏、私信。。。反正不写新的专业答案了。。。,男,952,25590,32,
https://www.zhihu.com/people/qaqca/following,qaqca,盖丁,男,45,4,3,
https://www.zhihu.com/people/jiang-feng-yu-huo-92-67/following,江枫渔火,考完注会，烧书取暖？,男,163,251,0,
https://www.zhihu.com/people/keso/following,keso,洪波 微信公众号：kesoview,男,950,325411,0,
https://www.zhihu.com/people/allenzhang/following,allenzhang,,男,14,71038,0,
https://www.zhihu.com/people/mo-yi-shen/following,默亦深,手机， 电脑爱好者,男,6,2,0,
https://www.zhihu.com/people/zhao-ben-shan-44/following,夜寐太行,长安有贫者，为瑞不宜多,男,991,13905,6,
https://www.zhihu.com/people/webber-49-36/following,Webber,,男,76,79,0,
https://www.zhihu.com/people/lou-bin-8/following,楼斌,ZEALER S 拆解节目主持人,男,1,1086,0,
https://www.zhihu.com/people/zealerlab/following,WHYLAB,用“数据+内容”深度解读科技产品。,男,1,6872,196,
https://www.zhihu.com/people/evenstar/following,楠爷,,男,277,220452,49,
https://www.zhihu.com/people/shuai-qi-de-tie-guo/following,帅气的椰子壳,,男,,4,0,
https://www.zhihu.com/people/lee-allen-78/following,Lee Allen,"ZEALER | It`s not, but it can be.",男,3,641,0,
https://www.zhihu.com/people/laowuweige/following,老五威哥,,男,2,146,0,
https://www.zhihu.com/people/ywq0317/following,王亦大王行,谈笑有鸿儒，往来有白丁...,男,,127,1,
https://www.zhihu.com/people/zealer-16/following,ZEALER,Technology Stays True Here,男,18,7735,3,
https://www.zhihu.com/people/wang-zi-ru/following,王自如,ZEALER | Technology Stays True Here.,男,8,46732,0,
https://www.zhihu.com/people/zhuxiaobao/following,猪小宝,博士僧 | 一级注册结构工程师,男,549,237038,84,
https://www.zhihu.com/people/gejinyuban/following,葛巾,一摘使瓜好，再摘令瓜稀。 三摘尚自可，摘绝抱蔓归。,女,53,653541,16,
https://www.zhihu.com/people/cogito/following,佐藤謙一,禪茶一味,男,29,294751,6,
https://www.zhihu.com/people/ChenZhangyu/following,陈章鱼,公众号「章鱼读书」，帮你成为一个更聪明的读书人。,男,982,559532,151,
https://www.zhihu.com/people/coldair/following,coldair,记者,女,23,82,0,
https://www.zhihu.com/people/max-liang/following,Max LIANG,"Hi,我来了。",男,,724,0,
https://www.zhihu.com/people/yyjz/following,圆圆觉主,CD时间太长,女,3,105,0,
https://www.zhihu.com/people/Jettxoox/following,Jett Lee,,男,,60,0,
https://www.zhihu.com/people/lin-zhi-hao-21/following,林之昊,,男,32,311,0,
https://www.zhihu.com/people/freemem/following,江平,产品经理，黑客,男,104,626,0,
https://www.zhihu.com/people/truant/following,truant,无,男,88,8287,21,
https://www.zhihu.com/people/pilo/following,许维,专注于教育行业投资,男,28,2669,44,
https://www.zhihu.com/people/li-xiang-75/following,李想,汽车之家创始人,男,,7993,0,
https://www.zhihu.com/people/galant/following,戈蓝V,手机行业分析师是也,男,1,492,0,
https://www.zhihu.com/people/zhangyouhe/following,张佑和,,女,5,107,0,
https://www.zhihu.com/people/stoneip/following,Stone IP 石先生,香港科技 KOL,男,5,1254,0,
https://www.zhihu.com/people/jaskni/following,JASKNi,a self-taught designer,男,46,1031,0,
https://www.zhihu.com/people/big_caaat/following,大猫,做信息图的，想找个女朋友，欢迎自荐,男,149,8400,0,
https://www.zhihu.com/people/starose/following,星玫,MorningRocks 公众号撰稿人，热爱宇宙和艺术,女,117,76764,91,
https://www.zhihu.com/people/lao-yue-21/following,老岳,航空工程。,男,,2606,0,
https://www.zhihu.com/people/duncanzhang/following,Duncan Zhang,移动互联网、航空航天、通讯技术、军事技术的狂热爱好者,男,220,31234,0,
https://www.zhihu.com/people/hideinthewoods/following,Umika Chan,Psychology → HCI/UX,女,25,23407,0,
https://www.zhihu.com/people/hong-hong-38-50/following,洪霟,。,女,150,77255,13,
https://www.zhihu.com/people/tian-ji-shun/following,田吉顺,丁香医生，丁香妈妈,男,482,653536,115,
https://www.zhihu.com/people/Ning_Zhu/following,苎苧,,女,67,10597,5,
https://www.zhihu.com/people/yx-wh/following,杨微粒,Der Pfad führt ins Ungewisse.,男,487,2560,37,
https://www.zhihu.com/people/tao-miao-miao-70/following,桃喵喵,欲将心事付瑶琴。,女,72,23208,2,
https://www.zhihu.com/people/yang-ai-hong/following,杨爱红,炮塔越多越革命！,男,391,21291,0,
https://www.zhihu.com/people/hao-lee-17/following,hao Lee,狂人の真似とて大路を走らば、即ち狂人なり。,男,412,23922,2,
https://www.zhihu.com/people/Hemerocallis-Yu/following,喻忘忧,值乎打开有问题，求助请私信,女,421,118143,14,
https://www.zhihu.com/people/liu-hao-kun-i3/following,好困君,看了乱七八糟书，不做稀里糊涂人。,男,88,500,8,
https://www.zhihu.com/people/qing-lan-98/following,青岚,公众号和微博均是：人生冒险家青岚；知识星球（原小密圈）：青岚支招；,男,428,73663,37,
https://www.zhihu.com/people/ji-xuan-yi-9/following,姬轩亦,先为力胜,男,414,183289,18,
https://www.zhihu.com/people/li-jia-xuan-36-23/following,李嘉璇,《TensorFlow技术解析与实战》作者。个人微信：ljxtensorflow,女,25,4244,0,
https://www.zhihu.com/people/duo-duo-28-2/following,多多,,女,36,45,0,
https://www.zhihu.com/people/dake/following,狮子与金,blair,男,4,14906,0,
https://www.zhihu.com/people/jimtjlee/following,李天健,,男,39,4500,0,
https://www.zhihu.com/people/acel-rovsion/following,acel rovsion,所谓的开坑纯粹用签名更新而已，看书早开始看了。不用期待我了,男,634,66156,100,
https://www.zhihu.com/people/han-kun-history/following,寒鲲,微信订阅号和专栏都叫“寒砚笔记”,男,238,25258,66,
https://www.zhihu.com/people/herstoria/following,[已重置],,女,2,225,2,
https://www.zhihu.com/people/li-chao-zi-zi-yue/following,李超字子躍,已退乎。專心搞《全宋文》的掃描轉文字工作。各位有緣再見。,男,960,34937,19,
https://www.zhihu.com/people/xiao-wu-zhu-bu-xia/following,小屋住不下,政治制度不过是界面，工业体系才是硬件。,男,406,53169,7,
https://www.zhihu.com/people/xuxiaoteng/following,徐小疼,钢铁少女/小说/编剧/万籁工作室,女,600,115411,36,
https://www.zhihu.com/people/an-lin-76/following,巧克力猫安林,（傻白甜）奇迹调查员与弑神少女,女,144,18882,23,
https://www.zhihu.com/people/chen-nuo-64/following,陈诺,We fight for those who cannot.,女,289,34732,131,
https://www.zhihu.com/people/byqx321/following,白衣卿相,宁鸣而死，不默而生,女,34,50475,9,
https://www.zhihu.com/people/yinshoufu/following,殷守甫,在野武将,男,172,155044,4,
https://www.zhihu.com/people/moulang489/following,陈铠楠,一生真伪复谁知。,男,867,44201,56,
https://www.zhihu.com/people/mishisi/following,芈十四,生性多疑，唯不疑爱,女,345,191457,80,
https://www.zhihu.com/people/agoni-11/following,可能是个废柴吧,,男,7,5402,3,
https://www.zhihu.com/people/talich/following,talich,,男,1137,342151,216,
https://www.zhihu.com/people/lan-ming-zheng-51/following,兰明正,游方僧,女,125,2684,0,
https://www.zhihu.com/people/emma-9/following,章鱼小时候,法语学渣/跨境电商运营,女,4,11117,0,
https://www.zhihu.com/people/neopeking1943/following,Johann Faust,太初级，太单质，有时又太朴素。,男,847,34385,70,
https://www.zhihu.com/people/oldgoat/following,oldgoat,若想邀请我回答哲学问题则请先论证它是一个哲学问题。,男,109,20043,3,
https://www.zhihu.com/people/simonluo/following,Simon Luo,二月春风似Jane Doe,男,94,9378,11,
https://www.zhihu.com/people/jiang-yuan-77/following,姜源,,男,631,32848,7,
https://www.zhihu.com/people/andy-lee-60/following,Andy Lee,《思维的利剑》的作者，微信公众号：认真想,男,644,45925,540,
https://www.zhihu.com/people/ru-shi-shuo-59/following,陆贽,女权公众号Herstoria,女,376,10538,45,
https://www.zhihu.com/people/witch959/following,木棉959,准V7.0 BNU PSYer,女,29,329,1,
https://www.zhihu.com/people/niu-bi-21-47/following,Mr Poopybutthole,"Ooh, wee!",男,255,41680,29,
https://www.zhihu.com/people/wang-ding-ding-26-31/following,汪丁丁,a professor,男,28,9655,14,
https://www.zhihu.com/people/arjuna/following,Arjuna,语言学爱好者,男,431,9466,120,
https://www.zhihu.com/people/serena-locke/following,骆伟倩,UVa Law'2017 | BFSU SIRD'2013 | 专业好奇家 永远的理想主义者,女,41,16721,13,
https://www.zhihu.com/people/kai-zhi-xue-tang/following,开智学堂,培养创造者的在线大学,男,,396,32,
https://www.zhihu.com/people/qiancai_saidong/following,塞冬,公众号：黔财有话说，微博：黔财有话说_塞冬,男,152,54924,10,
https://www.zhihu.com/people/zhang-yi-chen-37-82-32/following,张柳新,多伦多大学社会学系／科史哲系学生,男,14,1752,21,
https://www.zhihu.com/people/cyberknight/following,电子骑士,黄钟弃毁，瓦釜雷鸣,男,375,140366,15,
https://www.zhihu.com/people/wenspinozaxuan/following,温绚,她认出风暴而激动如大海,女,43,12375,1,
https://www.zhihu.com/people/wang-rui-en/following,王瑞恩,老王力气大无穷 双手举起纸灯笼,男,745,250067,104,
https://www.zhihu.com/people/zeng-kai-87/following,Hannibal Lecter,尔雅诗书自幼读，等闲文章信手著，疯癫岂可惹人笑，子夜寒窗为圣途,男,141,330986,12,
https://www.zhihu.com/people/peipei55905/following,Peipei,信息传播 . 神经科学 . 宾西法尼亚大学,女,40,9878,7,
https://www.zhihu.com/people/zhang-xin-49-20/following,张昕,发展心理学,男,42,18611,19,
https://www.zhihu.com/people/knowyourself-1/following,KnowYourself,人人都能看懂，但只有一部分人才会喜欢的泛心理学,男,691,633198,163,
https://www.zhihu.com/people/reinhardtjin/following,Reinhardt Jin,1 SB PhD,男,315,42107,50,
https://www.zhihu.com/people/zengjiaplus/following,曾加,凝视深渊过久，深渊将回以凝视,男,299,361377,22,
https://www.zhihu.com/people/han-di-63/following,D.Han,,男,571,92242,38,
https://www.zhihu.com/people/shan-yang-yue/following,山羊月,不以己蔽人，不以人蔽己，不以己自蔽。,男,813,160377,16,
https://www.zhihu.com/people/2017cs/following,路人乙,未来不迎，当下不杂，过往不恋,男,165,15636,22,
https://www.zhihu.com/people/xue-zhu-zi-yuan-da-quan/following,学术资源大全,致力打造高校研究人员最佳的资源获取平台。,女,,684,241,
https://www.zhihu.com/people/karanokyoukai/following,Kyoukai,别再搞砸了…,男,142,12809,7,
https://www.zhihu.com/people/chitazheng/following,巫冬,互联网 / 科技 / 媒体,女,95,2403,9,
https://www.zhihu.com/people/langlang0614/following,郎朗,国际著名钢琴家/音乐教育者,男,9,95677,0,
https://www.zhihu.com/people/JIMMY666/following,黄焖Jimmy饭,不活跃不答题,男,115,46030,1,
https://www.zhihu.com/people/su-bing-tian-TF/following,苏炳添,中国短跑运动员,男,1,13660,0,
https://www.zhihu.com/people/ke-da-xun-fei/following,科大讯飞,让世界聆听我们的声音！｜微信公众号：iFLYTEK1999,男,57,11711,68,
https://www.zhihu.com/people/zhi-hu-dian-zi-shu/following,知乎电子书,,男,12,124206,80,
https://www.zhihu.com/people/zhi-hu-shi-pin/following,知乎视频,看见、记录、分享更大的世界。,男,,404,1,
https://www.zhihu.com/people/thus-helian/following,赫连飒姒,妇产科主治医师，公众号：妇产科女司机,女,1191,101716,10,
https://www.zhihu.com/people/zi-quan-26/following,梓泉,被删的东西都备份在公众号ZiquanM,男,376,43796,16,
https://www.zhihu.com/people/geekpark-16/following,极客公园,Only for X. 只为商业新变量,男,316,43319,668,
https://www.zhihu.com/people/deeptech-shen-ke-ji/following,DeepTech深科技,科学、技术、产业。,男,41,26468,486,
https://www.zhihu.com/people/ceng-xiang-46-12/following,曾翔,创投圈 | 深度思考 | 新鲜事物,男,6,2148,20,
https://www.zhihu.com/people/dong-hua-xue-zhu-pa/following,动画学术趴,动画领域深度媒体与爱好者社区「微信公众号：动画学术趴」,男,89,26692,410,
https://www.zhihu.com/people/chu-zi-hang-80/following,褚自航,风险投资人/CFA/CPA,男,336,40176,24,
https://www.zhihu.com/people/36-ke/following,36氪,让一部分人先看到未来,男,104,117435,210,
https://www.zhihu.com/people/weng-xin-79/following,翁昕,艺术经纪人；新书《如何看懂艺术》各大平台发售中,男,102,137063,118,
https://www.zhihu.com/people/wangjingyu/following,鏡宇cupl,1GxAkinv7gxRwvwwpoitoEedeV7n3wrAXm,男,7,413,0,
https://www.zhihu.com/people/teng-xun-ke-ji/following,腾讯科技,微信号：qqtech,男,114,118419,55,
https://www.zhihu.com/people/teng-xun-70/following,腾讯,,男,50,51357,54,
https://www.zhihu.com/people/huyulan/following,胡玉兰,,女,19,7441,3,
https://www.zhihu.com/people/xin-shi-xiang-98/following,新世相,微信公众号：thefair2 ，我们终将改变潮水的方向 。,男,113,26935,121,
https://www.zhihu.com/people/edtall/following,孙志超,一切都写进了知乎个人详细资料,男,48,262575,27,
https://www.zhihu.com/people/he-ming-ke/following,何明科,不写程序的数据工程师不是好产品经理,男,839,250845,102,
https://www.zhihu.com/people/robbin/following,robbin,丁香园CTO，前JavaEye网站创始人,男,247,40269,79,
https://www.zhihu.com/people/antonia/following,安东妮,浪漫被推翻 浪漫被解散,女,48,1473,0,
https://www.zhihu.com/people/yi-tai-chuang-fu/following,以太创服,以太创服 —— 推动创新 全方位服务创投行业的融资服务机构,男,195,96992,129,
https://www.zhihu.com/people/ying-shi-quan-za-zhi/following,影视圈杂志,专业做媒体，认真做娱乐。,男,98,189518,321,
https://www.zhihu.com/people/wei-xiu-shen/following,魏秀参,,男,55,12851,12,
https://www.zhihu.com/people/yan-hao-74/following,闫浩,正在训练如何少说话。,男,19,28947,63,
https://www.zhihu.com/people/changfan/following,周昶帆,成长话题 and 科技控,男,196,20948,169,
https://www.zhihu.com/people/du-mu-yu/following,杜暮雨,前36Kr作者，在学习风险投资,男,17,390,0,
https://www.zhihu.com/people/jing-shu-73-69/following,鲸书,游戏人间的小可爱。,女,21,26641,27,
https://www.zhihu.com/people/xziar/following,XZiar,这个知乎很烂，我什么也没法留下。,女,818,1189,8,
https://www.zhihu.com/people/ceciliacat/following,Cecilia,育儿微信：萌妈小教室,女,139,31077,19,
https://www.zhihu.com/people/tombkeeper/following,tombkeeper,贝利亚同志，而您又是在说谁呢？,男,575,94237,2,
https://www.zhihu.com/people/zhang_lei/following,张十三,赞都点了，亲不再加个关注吗 ヽ(^o^)丿,男,217,17459,1671,
https://www.zhihu.com/people/pt195/following,Pt.wang,半次元ceo | 傻白甜,男,206,4543,12,
https://www.zhihu.com/people/briansun/following,堂主,不为苟且得意。不为黑暗辩护。,男,1361,63503,64,
https://www.zhihu.com/people/zoubo/following,邹波,内容创业者,男,388,16495,29,
https://www.zhihu.com/people/howiemovie/following,howie影话,影评人 / 媒体工作者,男,13,5597,0,
https://www.zhihu.com/people/xhtlj/following,小红拖拉机,找饭 Job_Fun,男,130,132266,30,
https://www.zhihu.com/people/ersagsethgrweh/following,Tony,程序猿，比特币玩家,女,17,470,0,
https://www.zhihu.com/people/healsai/following,healsai,"Hi, you have reached Miss Mediocrity.",女,1,90,0,
https://www.zhihu.com/people/xiao-zhu-5-56/following,黄璐小猪,演员,女,2,2491,1,
https://www.zhihu.com/people/spiritmax/following,陈兔虫,Philosoflying Kid，DocuFilmmaker，导演,男,52,18846,3,
https://www.zhihu.com/people/liu-zheng-82-6/following,刘征-前制片人,制片人 影视民工,男,90,2144,0,
https://www.zhihu.com/people/wang-hao-17-43/following,王大蜗蜗牛,喜欢历史的吃瓜群众。业余书法爱好者。炉石传说低保困难户。基层小法医。,男,115,31515,4,
https://www.zhihu.com/people/xin_zou/following,邹昕,互联网数据分析,男,104,66492,12,
https://www.zhihu.com/people/liu-si-jia-54-5/following,斯丢匹德,梧桐垃圾灰尘和各式各样的杂货店,男,243,15085,0,
https://www.zhihu.com/people/wu-su-mei/following,吴苏媚,专门玩的。,男,,50,0,
https://www.zhihu.com/people/li-hai-peng/following,李海鹏,,男,16,12344,0,
https://www.zhihu.com/people/deng-ke/following,邓科,注视世界的真面目并且爱世界,男,13,569,0,
https://www.zhihu.com/people/shenliang/following,沈亮,南方周末时政记者,男,15,1153,0,
https://www.zhihu.com/people/ceng-zi-nan/following,曾子楠,一个码字、说话的人。,女,12,183,0,
https://www.zhihu.com/people/imike/following,张亮,"Stay lucky, stay happy!",男,1462,833256,114,
https://www.zhihu.com/people/wuda/following,吴达,我为社团显本领,男,187,16027,1,
https://www.zhihu.com/people/sujingjohnny/following,苏静,HELLBOY,男,30,66667,0,
https://www.zhihu.com/people/amonjok/following,赵阿萌,#014,女,166,294577,23,
https://www.zhihu.com/people/jinpengyuan/following,金鹏远,广告从业人员。,男,412,71186,128,
https://www.zhihu.com/people/jin-yu-cheng-15/following,金宇澄,作家,男,,59,0,
https://www.zhihu.com/people/li-yin-he-25/following,李银河,中国著名社会学家,女,5,120826,0,
https://www.zhihu.com/people/li-lin-bo/following,李林波,Wildly Minded,女,,3,0,
https://www.zhihu.com/people/zombie/following,赵世奇,学过化学，懂点生物，正做运营,男,599,399544,8,
https://www.zhihu.com/people/zhang-jun-gang-63/following,张君钢,找不到你，像抽水马桶里大便，一不小心就从走了，不如以前好找，粘在边上。,男,,46,0,
https://www.zhihu.com/people/yuan-yao-yao-87/following,西園寺瑤瑤,東京不動產業者。微信：yyy55132，LINE: yyy1021dd,女,38,542,0,
https://www.zhihu.com/people/8hpencil/following,8HPencil,畫图像/寫图像,女,178,5928,20,
https://www.zhihu.com/people/198Q/following,卞卡,知乎评论区优秀答主,男,180,184352,20,
https://www.zhihu.com/people/bi-gan-53-40/following,毕赣,,男,1,5609,0,
https://www.zhihu.com/people/lanlingyeyu/following,兰陵,琴师。新开的公众号：兰陵夜雨,男,132,45661,20,
https://www.zhihu.com/people/mu-si-30-51-17/following,幕斯,我也不知道我是谁,男,,1195,0,
https://www.zhihu.com/people/san-ying-tang-she-ying-yi-zhu-zhong-xin/following,三影堂摄影艺术中心,,男,,242,8,
https://www.zhihu.com/people/ma-jia-hui-10/following,马家辉,香港著名作家，文化评论学者 公众号：馬家輝在香港,男,16,25549,0,
https://www.zhihu.com/people/econhistorylover/following,Manolo,,男,195,104567,487,
https://www.zhihu.com/people/stacie33/following,李姗珊,,女,,364,1,
https://www.zhihu.com/people/dan-ying-xiang/following,周光源,,男,,1149,66,
https://www.zhihu.com/people/timothy-wang-17/following,Timothy Wang,"Be light, be still, believe me.",男,326,83109,95,
https://www.zhihu.com/people/ningren/following,任宁,,男,18,426,64,
https://www.zhihu.com/people/chen-pei-si-13/following,陈佩斯,喜剧艺人，曝日堂主人。,男,3,67490,0,
https://www.zhihu.com/people/chen-da-yu-83/following,陈大愚,演员,男,19,1850,2,
https://www.zhihu.com/people/Tsing-KD/following,Tsing KD,你我皆凡人　生在人世间 终日奔波苦　一刻不得闲,女,15,199,1,
https://www.zhihu.com/people/meximexi1/following,么西么西,屌丝老博士（近几周闭关，私信不回复抱歉）,男,593,14103,5,
https://www.zhihu.com/people/jian-dan-xin-li/following,简单心理,心里有事儿，找简单心理。,男,427,197472,271,
https://www.zhihu.com/people/St.Pancras/following,知乎机构号团队,爱你的知乎机构号团队（org@zhihu.com 这里可以联系我们）,女,,2166,4,
https://www.zhihu.com/people/ma-bo-yong/following,马伯庸,市场营销,男,119,644694,74,
https://www.zhihu.com/people/hu-jiang-47-50/following,沪江,学习，成为更好的自己,男,90,186990,236,
https://www.zhihu.com/people/lin-qiao-35/following,山口野,山上好冷，阴气太重。,女,19,305,0,
https://www.zhihu.com/people/dong-ji-zai-hang-zhou/following,动机在杭州,公众号 happinessclass，幸福课,男,232,562749,144,
https://www.zhihu.com/people/dou-ze-nan-51/following,窦泽南,基因|大脑|心理|行为,男,31,20100,20,
https://www.zhihu.com/people/fuboyi/following,心理小厨-傅博一,天津的心理咨询师,男,290,15856,63,
https://www.zhihu.com/people/steveshi/following,Steve Shi,心理咨询师和科普作者，著有《假性亲密关系》,男,273,114390,69,
https://www.zhihu.com/people/minzeng/following,曾旻,你不知道的心理咨询师,男,145,61189,44,
https://www.zhihu.com/people/jian-dan-xin-li-uni/following,简单心理Uni,学心理咨询，到简单心理Uni,男,147,13369,106,
https://www.zhihu.com/people/lisongwei/following,李松蔚,普通的心理学工作者,男,170,470117,108,
https://www.zhihu.com/people/luvddd/following,LuvDDDD,余一颗你爱的心最干净。,女,386,98859,9,
https://www.zhihu.com/people/ma-qian-zu/following,马前卒,山楂糕、枣泥饼、酸奶冰棍,男,1780,418601,358,
https://www.zhihu.com/people/wang-zhi-an-20/following,王志安,用冰冷的理性温暖世界。微信公众号：wangju8848,男,31,47824,26,
https://www.zhihu.com/people/bi-xiao-tian-99/following,毕导,膜技术博士，公众号“毕导”,男,87,91824,0,
https://www.zhihu.com/people/moheng-esther/following,刘柯,树上的女爵,女,34,22854,8,
https://www.zhihu.com/people/danaliu135/following,刘丹,家庭治疗师,女,1,6074,0,
https://www.zhihu.com/people/fei-niao-bing-he/following,飞鸟冰河,←我是男的，不解释。知道的越多，懂得的越少。,女,505,137460,46,
https://www.zhihu.com/people/wang-jing-song-24-10/following,王劲松,演别人的故事，过自己的日子。,男,2,33535,0,
https://www.zhihu.com/people/fei-li-pu-jin-ba-duo/following,菲利普·津巴多,心理学家，美国心理协会前主席、斯坦福监狱实验建立者,男,5,24774,0,
https://www.zhihu.com/people/gao-fei-long-50/following,高飞龙,雕翎不腐，鼎镬不锈。,男,124,53931,10,
https://www.zhihu.com/people/aton/following,苏莉安,yours,女,501,185538,30,
https://www.zhihu.com/people/tai-zai-yan/following,太宰琰,少女小猴子。,女,129,48324,10,
https://www.zhihu.com/people/xiahao/following,夏昊BFA,北影本科 影视摄影师 航拍手 微信公号xiahaobfa,男,739,211217,14,
https://www.zhihu.com/people/hesenbao/following,河森堡,国家博物馆讲解员,男,87,308680,9,
https://www.zhihu.com/people/zhong-guo-xin-li-xue-hui-zhu-ce-gong-zuo-wei-yuan-hui/following,中国心理学会注册工作委员会,,男,,3597,4,
https://www.zhihu.com/people/fenng/following,Fenng,「小道消息」，微信号：WebNotes,男,936,335705,138,
https://www.zhihu.com/people/ezshine/following,大帅,学室内设计的老闪客，前后端全能程序猿，骨灰级果粉，我们的婚礼创始人,男,44,227,2,
https://www.zhihu.com/people/liu-yiming-39/following,刘一鸣,啊，这家伙很懒的,男,281,1350,5,
https://www.zhihu.com/people/reseted1500548360/following,SFHZ,"肿瘤国内外就医及科普 ┃ 就医咨询请关注微信公众号""尚方慧诊患者科普""或值乎咨询",男,164,6968,107,
https://www.zhihu.com/people/xu-ji-84-59/following,许己,不美，不约，教大一,女,154,9061,0,
https://www.zhihu.com/people/yin-du-lu-you/following,印度旅游专家,印度旅游专家,男,69,922,8,
https://www.zhihu.com/people/liu-ceng-lou/following,六层楼,妇产科医生,男,434,216048,254,
https://www.zhihu.com/people/wang-jing-94-8/following,Annabell,VC基层员工，BP请私信。,女,38,76,3,
https://www.zhihu.com/people/li-yi-20-34/following,李毅二一个,"新疆三代，公众号：吐鲁番的姑娘熟了,为加强与新疆联系，持续更新旅行、美食等话题",男,140,26253,42,
https://www.zhihu.com/people/yang-cong-jun-95-35/following,剥洋葱,专做人物报道，名字辣，人Hot。微信公号：剥洋葱people,男,27,903,11,
https://www.zhihu.com/people/shi-zhong-20/following,史中,「浅黑科技」创始人，记者。日常操作是和各路技术大神聊天。,男,125,6932,91,
https://www.zhihu.com/people/tut_mok/following,莫毒枭,血可热，心当静，手要稳。,男,123,7081,26,
https://www.zhihu.com/people/211-26-30/following,211,Java,男,,979,9,
https://www.zhihu.com/people/meiritoutiao/following,mjik,互联网,男,,341,0,
https://www.zhihu.com/people/xu-jia-xin-3/following,徐佳鑫,知足常乐，无求乃安,男,54,53954,60,
https://www.zhihu.com/people/lens-27/following,Lens,微信微博：WeLens ，即使是一道最微弱的光，我们也要把它洒向需要温暖的生活…,男,361,258949,544,
https://www.zhihu.com/people/dgmmmde/following,DGMMM,,男,95,245,0,
https://www.zhihu.com/people/lazarchow/following,周默,"AI, SaaS",男,52,577,0,
https://www.zhihu.com/people/teeny-tiny/following,梅洋汤, 海洋学博士。喜欢研究微小尺寸在时间和界面上的变化。,女,150,37755,22,
https://www.zhihu.com/people/yiqin-fu/following,Yiqin Fu,小说和数据都可以看一天,男,52,63802,23,
https://www.zhihu.com/people/zhang-wen-34/following,张文,程序猿～非典型天平男,男,4,7,0,
https://www.zhihu.com/people/wxy-39-59/following,wxy191954,航天研究人员,男,1,189,0,
https://www.zhihu.com/people/wang-peng-fei-17-99/following,王鹏飞,迈向柔性智能世界,男,,211,0,
https://www.zhihu.com/people/wangqinggong/following,王庆功,航天/科学实验/能量转换与利用,男,,204,0,
https://www.zhihu.com/people/liu-bo-38-43/following,刘波,看地球的人,男,1,248,0,
https://www.zhihu.com/people/xmbei/following,XM Bei,学者,男,1,302,0,
https://www.zhihu.com/people/jun-kan-yixie-zhou/following,君看一叶舟,,男,5,481,0,
https://www.zhihu.com/people/huo-zx/following,ZX Huo,核专业博士，研究空间天文技术，业余段子手，特贫研究猿,男,201,7708,7,
https://www.zhihu.com/people/wei-57-94/following,W Yao,太空生存法则探究,男,1,991,0,
https://www.zhihu.com/people/hevenye/following,叶斌,游戏设计师,男,63,85097,8,
https://www.zhihu.com/people/ding-ruo-shui/following,丁若水,有猫，学过医，国家二级心理咨询师，工作微信 ID dingruoshuimiao,女,695,129005,17,
https://www.zhihu.com/people/li-lao-shu/following,李老鼠,FXXK MY CAR节目主持人  |  old school,男,135,319257,273,
https://www.zhihu.com/people/david-rand/following,David Rand,城市的魅力。美丽的城市。,男,427,227420,74,
https://www.zhihu.com/people/houchen/following,侯尘,可惜酒店不能养猫,女,16,476,0,
https://www.zhihu.com/people/gogobigz/following,大壮,极简旅行创始人，自驾游老司机，Vlogger，公众号(leantravel),男,38,24651,29,
https://www.zhihu.com/people/seven721/following,江文韬,星野摄影脑残粉/微博&amp;微信@imX的星空笔记,男,92,39834,21,
https://www.zhihu.com/people/liu-chang-79-54/following,刘畅,Full stack chef,男,30,80,0,
https://www.zhihu.com/people/oxygen/following,黄无知,,男,383,64535,70,
https://www.zhihu.com/people/whale/following,胡维,前知乎员工,男,621,119179,2,
https://www.zhihu.com/people/hai-wo-de-46/following,海沃德,NBA波士顿凯尔特人队球员,男,3,8493,0,
https://www.zhihu.com/people/qing-teng-hui/following,青腾汇,中国新一代企业家俱乐部,男,,150,9,
https://www.zhihu.com/people/ran-ran-7/following,冉苒,CommonStrength小教练；公众号NSCAranran,女,54,65938,49,
https://www.zhihu.com/people/tian-yuan-dong/following,田渊栋,Facebook人工智能研究院研究员/研究经理，卡耐基梅隆大学机器人系博士,男,37,76694,47,
https://www.zhihu.com/people/sui-bing-65/following,平骧,前央企法律顾问，前检察官，现律师,男,89,47783,23,
https://www.zhihu.com/people/hydfox/following,胡远东,与每一个关注我的知友分享高质量的信息,男,343,87190,37,
https://www.zhihu.com/people/yeyuanxing/following,小叶叔叔,北京林业大学鸟类学博士在读,男,57,16480,20,
https://www.zhihu.com/people/kellyweaver/following,KellyWeaver,For Public Health,女,64,59524,34,
https://www.zhihu.com/people/necromanov/following,Necromanov,,男,14,24879,74,
https://www.zhihu.com/people/chu-quan-69/following,初犬,人間観察,男,,190,0,
https://www.zhihu.com/people/mooncatcher/following,mooncatcher,"Amateur Polymath, Professional Handyman",男,58,7129,15,
https://www.zhihu.com/people/chaosmuseum/following,混乱博物馆,都是些你不知道的。,男,,58489,127,
https://www.zhihu.com/people/zhou-you-41-84/following,Joyous周游,微博 :Joyous周游  公众号 :极影AdventureX,男,8,1466,9,
https://www.zhihu.com/people/zhang-san-5-26-12/following,酱油哥,清华程序猿/微信号zhangyumeng0422,男,236,1979,47,
https://www.zhihu.com/people/zhong-xin-shu-yuan/following,中信书院,以知识为信仰,男,,504,0,
https://www.zhihu.com/people/hui-yi-zui-hou/following,我是一只小萌刀,饮马黄河，醉酒高歌。/ M,男,504,20945,1,
https://www.zhihu.com/people/chen-fu-zhou/following,陈甫鸼,生长于闽，求学入秦，漂泊适燕，实秦人也。,男,1031,60449,38,
https://www.zhihu.com/people/wang-shi-zhong/following,王世忠,创新工场,男,79,16713,0,
https://www.zhihu.com/people/xiao-fei-xia-82-25/following,tomoya,杰迷，永远站在10年之后入粉的苞米的对立面(ps:女杰迷集体亲妈爆炸，靴靴),男,37,14,0,
https://www.zhihu.com/people/jiang-nan-fen-qing/following,江南愤青,个人公众号“扯淡堂”，喝茶、扯淡、找梦想,男,87,23667,275,
https://www.zhihu.com/people/chuang-ye-bang-75/following,创业邦,创业是一种信仰,男,8,12677,91,
https://www.zhihu.com/people/zheng-shen-hai/following,郑申海,博士,男,,314,5,
https://www.zhihu.com/people/missrich/following,阔小姐日记,财经老司机，85后少女。公众号：阔小姐日记,女,12,54,4,
https://www.zhihu.com/people/chino-25/following,App小公主,一个好奇心很重的非职业程序员,男,81,13499,33,
https://www.zhihu.com/people/BigDataDigest/following,数据汪,微信公众号大数据文摘（BigDataDigest）| 普及数据思维 传播数据文化,男,16,2219,359,
https://www.zhihu.com/people/mahalanobis/following,mahalanobis,不懂算法的算法工程师,男,58,1186,6,
https://www.zhihu.com/people/like-33/following,LIKE,一老百姓,男,81,11936,24,
https://www.zhihu.com/people/fu-hei-zong-cai/following,腹黑总裁,,男,,1,0,
https://www.zhihu.com/people/lin-ying-51/following,熊大毛,原微软低级工程师，原阿里巴巴低级技术砖家,男,142,467,10,
https://www.zhihu.com/people/jindongwang/following,王晋东不在家,读博的计算机小学酥，迁移学习-机器学习,男,512,16545,46,
https://www.zhihu.com/people/esquirrel2020/following,陈司空,剥开科学坚果、做一只爱分享、爱学习的PhD。,男,28,7447,45,
https://www.zhihu.com/people/baiyueshuimu/following,百越水木,公务员，微信公众号、微博：百越水木,男,83,31800,134,
https://www.zhihu.com/people/tongzhe/following,童哲,万门教育CEO.欢迎添加微信：wanmen017,男,202,67246,102,
https://www.zhihu.com/people/fangz/following,濛濛,媒体从业,女,140,2721,2,
https://www.zhihu.com/people/python_shequ/following,Python程序员,我用Python；  公众号：Python爱好者社区（python_shequ）,男,8,21324,287,
https://www.zhihu.com/people/shang-yi-qun/following,RSer-群,暂退破乎,男,9,40,6,
https://www.zhihu.com/people/liu-dong-yu-514/following,刘洞宇,专栏Neverland。欢迎指教。^_^,男,70,6307,14,
https://www.zhihu.com/people/zhang-xiao-kang-86-1/following,张晓康,世界上最丑的莫过于一张生气的脸,男,,589,66,
https://www.zhihu.com/people/qiu-yue-37-3/following,邱粤,Web开发学习中/民谣/想养一只猫,男,9,21,4,
https://www.zhihu.com/people/ping-shu-yuan-zhan-jun/following,评述员詹俊,体育评述员,男,8,32601,0,
https://www.zhihu.com/people/zhang-lei-18-98/following,张磊,Applying AI everywhere.,男,28,314,12,
https://www.zhihu.com/people/tao-zuo-42-86/following,Tao ZUO,爱蜂人,男,,31,6,
https://www.zhihu.com/people/wan-dou-42-60/following,豌豆,医生,男,3,2,0,
https://www.zhihu.com/people/wtt-leaks/following,W-Pwn,科技，信息安全，好玩,女,112,25894,688,
https://www.zhihu.com/people/Ehcostuff/following,Ehco,公众号findyourownway 提供梯子,男,176,6043,60,
https://www.zhihu.com/people/ying-xing-69-8/following,sergiojune,"公众号:日常学python,后台回复资源送你一份python学习资源",男,14,54,9,
https://www.zhihu.com/people/jian-xiao-zi/following,遠儿,万物皆有两面，一面潇洒，一面昏沉,男,6,54,5,
https://www.zhihu.com/people/mileijun/following,雷军,,男,9,231430,5,
https://www.zhihu.com/people/CoolFarmer/following,酷农民,客户智能,男,39,297,26,
https://www.zhihu.com/people/tian-yu-3-37/following,HDMI,信息管理与信息系统,男,8,109,10,
https://www.zhihu.com/people/ma-jian-4-91-31/following,马健,,男,25,16920,2,
https://www.zhihu.com/people/zibuyu9/following,刘知远,NLPer,男,442,42625,7,
https://www.zhihu.com/people/chao-ji-sai-ya-ren/following,超人,,男,7,1754,23,
https://www.zhihu.com/people/foruok/following,foruok,《程序员的成长课》加印热销中,男,719,28593,150,
https://www.zhihu.com/people/tian-zhen-97-47/following,Jerryzhou,前奥美文案，青锐创投媒体经理,男,22,284,21,
https://www.zhihu.com/people/zhu-wen-sha/following,朱朱的梦想,柜员 学生 在进步的路上,女,10,466,0,
https://www.zhihu.com/people/oldiao/following,牛本老刁,擅长做副业，比如：牛本数码，比如公众号：牛本老刁,男,227,3785,16,
https://www.zhihu.com/people/nan-ge-26-74/following,狼叔,我们做不成富二代，做富二代他爹还是有希望的。,男,4,5582,18,
https://www.zhihu.com/people/gck1989421/following,苏格兰折耳,喜欢捣鼓数据，个人公众号:yymzylc，欢迎关注！,男,21,453,1,
https://www.zhihu.com/people/yan-jun-fan/following,yescanda,本人无资料 ,男,228,2019,4,
https://www.zhihu.com/people/song-lu-zha/following,松露渣,,女,50,9366,0,
https://www.zhihu.com/people/mhei-nu/following,十六,怅卧新春白袷衣,男,2,764,0,
https://www.zhihu.com/people/chenqin/following,chenqin,数据帝,男,186,446279,28,
https://www.zhihu.com/people/wu5jun/following,吴俊,《程序化广告实战》作者 ( 微信:ad_automation ),男,31,1967,148,
https://www.zhihu.com/people/wang-tiao-tiao-91/following,王跳跳,嘻，嘻嘻，嘻嘻嘻,女,66,10151,20,
https://www.zhihu.com/people/hecaitou/following,和菜头,我所说的都是错的，所以就不再说了。,男,267,284993,0,
https://www.zhihu.com/people/liu-bannong/following,刘半农,云存储平台,男,22,412,0,
https://www.zhihu.com/people/wang-jia-dong-84/following,jiago 王佳东fr,数据分析,男,21,1901,29,
https://www.zhihu.com/people/wei-yi-bu-yong-shang-1211/following,维以不永伤1211,何其荣幸，何其侥幸,女,43,132,0,
https://www.zhihu.com/people/huc_zhangjingxin/following,张敬信,高校数学教师，不解答中学数学问题，不解答智力题,男,336,2432,57,
https://www.zhihu.com/people/lu2ux/following,老卢R,原创作者，分析各类数据，拆解各种信息,男,17,158,0,
https://www.zhihu.com/people/polly-74-31/following,Polly,能源 环境 设计 地质 美国,女,,14,0,
https://www.zhihu.com/people/zhuang-dian-89/following,巴赫爱喝胡辣汤,公众号搜：巴赫爱喝胡辣汤,女,124,93201,30,
https://www.zhihu.com/people/yummy1234567/following,三木在Yummy,新女性的欲望管理所，微信公号：Yummy精选,女,186,39636,451,
https://www.zhihu.com/people/meagloria/following,meagloria,微信号：mlustm,女,229,156310,3,
https://www.zhihu.com/people/rio/following,Rio,VC／播客主播／前知乎工程师,男,844,346878,48,
https://www.zhihu.com/people/nyrenxingjie/following,纽约任性姐,『女神任性堂』总堂主在此！/微信：renxingtang4 微博：纽约任性糖 ,女,8,66959,368,
https://www.zhihu.com/people/siton/following,阿九,母乳喂养有助于智力正常发育,男,15,24457,1,
https://www.zhihu.com/people/xu-yan-2/following,深夜徐老师,时尚大号：深夜发媸（微信ID：shenyefachi）创始人，不装的时博。,女,312,191382,264,
https://www.zhihu.com/people/itsviv/following,itsviv,用理性支撑感性。,女,42,3021,0,
https://www.zhihu.com/people/wo-cai-bu-shi-fan-jin/following,范进不举,蹬自行车去风化场所的有妇之夫,女,194,16785,1,
https://www.zhihu.com/people/zeyuan-chen/following,Entry,15岁的音乐制作人/DJ 现在在美帝 网易云/QQ音乐：Entry,男,147,673,0,
https://www.zhihu.com/people/wu-ming-shi-45-27/following,吴名士,公众号：“吴名陋室”。已识乾坤大，犹怜草木青。,男,1770,61154,28,
https://www.zhihu.com/people/Ximingze-combine/following,惊云,公众号:【惊云小屋】来小屋坐坐，也许就少走了十年的人生弯路。,男,213,54668,84,
https://www.zhihu.com/people/ma-xiao-ban/following,灯芯闪电,社会学/音乐编辑/模特/撰稿人,女,36,1477,13,
https://www.zhihu.com/people/bo-cai-28-7/following,菠菜,订阅号:bocai_zhu,女,1479,424431,39,
https://www.zhihu.com/people/jiu-shi-yong-cha/following,九时用茶,,男,67,6231,6,
https://www.zhihu.com/people/liao-bu-qi-de-su-xiao-jie/following,了不起的苏小姐,《布林客》杂志创始人/主编（公众号：blinkzine）,女,81,57005,37,
https://www.zhihu.com/people/shaofeidu/following,杜绍斐,公众号：shaofeidu,男,66,267638,86,
https://www.zhihu.com/people/chen-peter-52/following,直宇,可能是知乎最直的吧,男,86,30101,0,
https://www.zhihu.com/people/tang-guo-40-50-45/following,唐果,微信/微博公众号：糖先生的密室 你若好奇我，自会来找我,男,71,5678,7,
https://www.zhihu.com/people/ling-long-xie-seng/following,玲珑邪僧,公众号「万物情史」/研发工程师/Python/Js,女,57,153679,3,
https://www.zhihu.com/people/lkh2015/following,AreYouKiddingMe,研究一切有趣且有价值的领域,男,774,48654,13,
https://www.zhihu.com/people/jian-li-li/following,简里里,公众微信号：简里里,女,105,31269,9,
https://www.zhihu.com/people/xin-jing-dian-28/following,新经典,优质内容的发现者 创造者  守护者,男,33,108,1,
https://www.zhihu.com/people/will-wang-69/following,Will Wang,BAI VC,男,48,3775,33,
https://www.zhihu.com/people/yu-yue-51/following,余跃,互联网VC投资@华创资本,男,81,10611,23,
https://www.zhihu.com/people/ge-se-ren-lei-yan-jiu-zhong-xin/following,各色人类研究中心,天生不一样,男,24,1810,0,
https://www.zhihu.com/people/fcjs99/following,饶金平,微信：mmff115116 欢迎交流,男,58,1408,116,
https://www.zhihu.com/people/mei-ri-ren-wu/following,每日人物,,男,260,85908,316,
https://www.zhihu.com/people/wanghouhou/following,王逅逅,爱去Live，看书和买衣服,女,64,15073,12,
https://www.zhihu.com/people/tian-qin-xin-5/following,田沁鑫,种菜浇水的和尚,女,3,977,0,
https://www.zhihu.com/people/zuieniang/following,醉鹅娘,来公众号“企鹅和猫”第一时间看我的视频和产品吧 :),女,25,44574,68,
https://www.zhihu.com/people/he-tao-62-44/following,何瑫,GQ中国总主笔 微信公众号nonfiction2016,男,58,52634,88,
https://www.zhihu.com/people/hao-jing-fang-1984/following,郝景芳,,男,2,7631,0,
https://www.zhihu.com/people/psyheartandculture/following,东方心理研究院,微信公众号：东方心理分析研究院、东方心理成长、心理分析与中国文化,男,35,1217,252,
https://www.zhihu.com/people/mo-mi-momself/following,摩米Momself,我是妈妈，我是我自己。公众号：Momself,男,128,9772,70,
https://www.zhihu.com/people/zhu-zhuo-hong-bj/following,祝卓宏,心理咨询督导，临床心理学教授，ACT心理治疗师,男,15,5195,7,
https://www.zhihu.com/people/ding-xiang-yi-sheng/following,丁香医生,身体上的问题，来问丁香医生,男,349,1174873,91,
https://www.zhihu.com/people/jing-shi-xin-li-da-xue-tang/following,京师心理大学堂,打造最优质的心理科普平台,男,86,37235,59,
https://www.zhihu.com/people/sme-98/following,SME情报员,发掘你不知道的科技故事（公众号：SME）,女,39,154416,670,
https://www.zhihu.com/people/collegedaily/following,林国宇,从硅谷到北漂，前审计师，留美6年,男,45,26383,274,
https://www.zhihu.com/people/yu-hang-59-38/following,宇航,,男,60,50,2,
https://www.zhihu.com/people/brown666/following,智先生,有幸与你见证时代，公众号：智先生（ID：zhixs10）,男,13,624,4,
https://www.zhihu.com/people/san-zhi-hai-gui-ailiu-xue-gong-ju/following,三只海龟AI留学工具,大数据+AI 告诉你最精准院校申请结果。公众号：三只海龟,男,48,324,24,
https://www.zhihu.com/people/deng-ta-da-wang/following,灯塔大王,,男,40,104,0,
https://www.zhihu.com/people/ptji-zhu-guan-jia/following,垚鑫脊柱康复,脊柱手法矫正 运动康复,男,197,3540,23,
https://www.zhihu.com/people/xiaoranmay/following,二火菌菌,游戏策划，擅长剥虾。Zundoko Veron Cho！,女,38,2430,20,
https://www.zhihu.com/people/yulin-wu-97/following,Yulin Wu,IVYPEDIA CEO/ NU Kellogg,男,251,13994,45,
https://www.zhihu.com/people/miao-miao-935/following,苗宝福,The first wealth is health,女,8,24,0,
https://www.zhihu.com/people/sa-bei-ning-laopo/following,梁钰,才不足取，貌不足凭,女,75,72895,7,
https://www.zhihu.com/people/gao-shuang-30-13/following,Vanessa,走过26个国家 |公众号：和Vanessa一起看世界 (withvanessa),女,42,369,2,
https://www.zhihu.com/people/cheng-cheng-65-8/following,深海,原中国人民解放军陆军特种部队成员,男,88,57962,1,
https://www.zhihu.com/people/luo-mei-mei-64-30/following,罗妹妹,点赞是指我觉得这个回答值得被关注/看得我很爽，而不是说我从理性上认同它,女,171,5555,6,
https://www.zhihu.com/people/kaidi-guo/following,kaidi Guo,留德研究生待业党。想当码农的地图工。,女,476,12789,26,
https://www.zhihu.com/people/zhang-xiao-bei/following,张小北,电影编剧、导演,男,1362,697386,74,
https://www.zhihu.com/people/cheka/following,王捷,,男,211,49509,48,
https://www.zhihu.com/people/zhang-hong-yi-92/following,Marszhy,留学/创业/音乐/推理/社会主义核心价值观,男,15,110,0,
https://www.zhihu.com/people/chen-nian-da-zao/following,陈年大枣,还是学生的社会人。,男,280,34804,2,
https://www.zhihu.com/people/gongzifantang/following,公子沈,北美最前线（微信公众号：nafrontline ) 创办人,男,40,1774,56,
https://www.zhihu.com/people/da-kou-jun/following,大口君,微信公众号&amp;微博：一大口美食榜（laiyidakou），懂吃的人全在这里,男,52,5816,88,
https://www.zhihu.com/people/xi-bei-xiao-mian-cun/following,西贝莜面村,闭着眼睛点，道道都好吃！,男,5,751,0,
https://www.zhihu.com/people/linhuiqi83/following,傲客菜单,傲客城市菜单，值得你信任的美食指南,男,41,3957,25,
https://www.zhihu.com/people/yaketisi/following,一个男人在流浪,数不尽的人张望,男,171,137451,25,
https://www.zhihu.com/people/zhao-yi-jia-84/following,咿迦咿哦,我来到这世界只为给它添些温暖,女,31,415,0,
https://www.zhihu.com/people/feng-wei-xing-qiu/following,风味星球,美食纪录片《风味人间》主创团队 | 微信号：fengweixingqiu,男,,470,17,
https://www.zhihu.com/people/wuvist/following,翁伟,微信公众号：美食玩家翁伟,男,442,14703,8,
https://www.zhihu.com/people/chibaole/following,闻佳,艾格吃饱了。,女,133,357557,27,
https://www.zhihu.com/people/tian-xin-ai-chi-xiao-long-bao/following,甜心爱吃小笼包,"美食爱好者,公众号:乐鼠基地,小站:leshujidi.com,",女,678,34974,620,
https://www.zhihu.com/people/g7ziwgmb/following,抖S瑾爷,已退圈,女,76,700,0,
https://www.zhihu.com/people/chen-xiao-qing-2016/following,陈晓卿,纪录片导演，《舌尖上的中国》总导演,男,,19463,10,
https://www.zhihu.com/people/zhang-pi-70/following,礼士路西岛秀俊,乃木坂46研究社白石麻衣研究专员,男,60,16141,3,
https://www.zhihu.com/people/losik/following,裸食,泛饮食观察/研习/逼逼,男,197,14677,167,
https://www.zhihu.com/people/sansanl/following,SansanL,麵包少女 | 公众号：面少（id：mianshaoms）,女,65,111578,71,
https://www.zhihu.com/people/ccat/following,汪惟,何事惊慌！！！！！！！！！！！！！！！！！！,男,315,367344,11,
https://www.zhihu.com/people/mihuamama/following,东北爷们儿爱做饭,当你不知道该做什么的时候，你就做饭！,男,66,46999,66,
https://www.zhihu.com/people/zingfood/following,小辛Zing,厨房里的白日梦想家 公众号zingfood,男,84,82243,42,
https://www.zhihu.com/people/zhou-xiao-nan-46-52/following,周晓楠,一酒吧老板，烧土锅的，微信公众号：hellozhongshidan,男,117,25207,18,
https://www.zhihu.com/people/hui-zi-51/following,灰子,嗯哼,男,56,188975,83,
https://www.zhihu.com/people/chen-bu-zou/following,陈不诌,花生米与豆腐干同嚼有火腿味。,男,115,23965,9,
https://www.zhihu.com/people/amandatastes/following,曼达,正经厨娘。公众号：曼食慢语（Amandatastes）,女,85,96247,41,
https://www.zhihu.com/people/zhihu_marketing/following,知乎市场团队,发现更大的世界,男,4,22921,71,
https://www.zhihu.com/people/Changmingwei/following,韦昌明,金融 / 科学 / 艺术,男,27,101508,15,
https://www.zhihu.com/people/qcboy/following,钱程,技术型吃货,男,155,61085,73,
https://www.zhihu.com/people/an-jia-men-yuan/following,安嘉门院,人间五十年,女,72,123422,1,
https://www.zhihu.com/people/bai-yang-32-85/following,白杨,关注所有极致好物,男,6,155,0,
https://www.zhihu.com/people/xie-ming-1/following,叶明,「泼辣修图」，国人开发的全平台专业修图软件,男,297,217475,189,
https://www.zhihu.com/people/wei-cc-99/following,韦苡珊,贪恋美与自然，自拍重度患者,女,38,37357,9,
https://www.zhihu.com/people/justiceforall/following,藥師,,男,106,135036,84,
https://www.zhihu.com/people/shimizumint/following,Shimizumint,ふわふわなミントは不滅じゃ！,女,349,69725,28,
https://www.zhihu.com/people/jjuan/following,蔺佳,来都来了,女,9,37648,13,
https://www.zhihu.com/people/qiutea/following,一只咸鱼,,男,,1865,0,
https://www.zhihu.com/people/easteregg/following,伊斯特艾格,公众号：eggeaster 发菜谱用。,男,66,69281,37,
https://www.zhihu.com/people/rolly2008/following,芊小桌儿,专栏人数快要比粉丝人数多了！专栏/公众号：餐桌奇谈,女,234,55180,134,
https://www.zhihu.com/people/saintmz/following,曹孟德斯鸠,公众号：曹孟德斯鸠 ，记得来找我！,男,186,74238,2,
https://www.zhihu.com/people/cai-lan-80-17/following,蔡澜,美食家、专栏作家、电视节目主持人 、中国美食纪录片《舌尖上的中国》节目总顾问,男,68,190565,35,
https://www.zhihu.com/people/li-chang-35/following,李昌,重新认识我们的食物，关注公众号：美兰德反应,男,104,15945,19,
https://www.zhihu.com/people/summer-chih/following,Summer,回答美食与咖啡问题。公众号：哈罗夏天。,女,132,10889,11,
https://www.zhihu.com/people/sylvain-yan/following,SylvainY,One of low-end population,男,27,430,5,
https://www.zhihu.com/people/wang-flora-25/following,Flora Wang,公众号：thenewfashioned,女,21,5574,34,
https://www.zhihu.com/people/wang-xin-ya-70/following,昕雅,微信公众号：渝糖,女,29,7034,23,
https://www.zhihu.com/people/yaoyuanlu123/following,LI路遥,脑洞妹，其实我是卖安利的...,女,176,98292,0,
https://www.zhihu.com/people/xiaoyuzh/following,张潇雨,But dearer still is the truth.,男,69,14181,133,
https://www.zhihu.com/people/tonyzhao120/following,赵托尼,旅行撰稿人.美食评论家.摄影师,男,75,76759,8,
https://www.zhihu.com/people/yaoyz/following,姚呓语,,女,39,26643,11,
https://www.zhihu.com/people/pang-ku-shuai/following,胖酷帅,又胖又酷又帅,男,106,99300,196,
https://www.zhihu.com/people/shi-er-shi-er-47/following,十贰十二,,男,59,4122,374,
https://www.zhihu.com/people/an-qi-you-e-le/following,会飞的黄油,公众号：黄油姑娘/专业西餐厨师/烘焙少女,女,107,66417,70,
https://www.zhihu.com/people/3rduncleliu/following,刘三叔,其实，我是个诗人,男,344,20885,12,
https://www.zhihu.com/people/ru-yan-zi-yi/following,施子怡,00后/170cm Ecup/双性恋/头像本人,女,29,44467,1,
https://www.zhihu.com/people/bo-luo-you-zi-74/following,菠萝柚子,"剑胆琴心，砥砺前行~
大爱抹茶的六扇门",男,1711,7770,1,
https://www.zhihu.com/people/abbi-gao/following,菲丝猫猫,自由翻译 &amp; 画漫画,女,8,1876,0,
https://www.zhihu.com/people/MrBurning/following,刘洹Burning健身,公号：【刘洹Burning】—— 提供操作性极强的健身干货!,男,225,130540,257,
https://www.zhihu.com/people/wilson-suen/following,Wilson Suen,私房法餐厨师,男,120,54454,4,
https://www.zhihu.com/people/zhang-jia-wei/following,张佳玮,公众号：张佳玮写字的地方,男,3253,1664481,828,
https://www.zhihu.com/people/mei-shi-gan-yan-jiu-yuan-51/following,没事干研究院,,男,46,73313,112,
https://www.zhihu.com/people/tuzihome/following,囧兔,萝御双修女王人妻兔,女,17,53,0,
https://www.zhihu.com/people/xu-hui-lin/following,徐慧琳,钝感代言人,女,450,170236,40,
https://www.zhihu.com/people/waysohere/following,梅迪,专业票友三十年,男,92,14316,16,
https://www.zhihu.com/people/GreenFinch/following,青雀,有什么不懂的你尽管吻我/公众号：电波发射基站,女,155,156906,99,
https://www.zhihu.com/people/zhujunxie/following,竹君,认真去爱日子的地球人,女,5,6702,0,
https://www.zhihu.com/people/Zampeli/following,Yichuan Zhang,经济学爱好者,女,10,7035,6,
https://www.zhihu.com/people/webpower/following,Webpower,技术驱动营销，助力企业深度挖掘会员价值。,男,41,55,39,
https://www.zhihu.com/people/yisong/following,宋一松,Facebook 机器学习与内容推荐，硅谷混子,男,42,20400,0,
https://www.zhihu.com/people/zhong-fan-73-26/following,钟梵,不喜欢研究的研究生,女,6,33,0,
https://www.zhihu.com/people/nicholas-tang/following,Nicholas Tang,半吊子政治学硕士，英俄双通双不精。诺贝尔吹牛学奖连续五届提名人。,男,12,228,0,
https://www.zhihu.com/people/qi-you-hao-ran-4/following,非鱼,和平养无限天机,男,2,37,2,
https://www.zhihu.com/people/hu-lao-shi-40/following,胡乃军,已识乾坤大，犹怜草木青。,男,71,9246,2,
https://www.zhihu.com/people/william.zhou/following,观蒙斋主人,爱好读书的年轻硕导,男,67,1635,11,
https://www.zhihu.com/people/xu-wei-neng/following,徐惟能,学金融、教金融。,男,204,42088,16,
https://www.zhihu.com/people/ningnanshan/following,宁南山,在深圳搬砖的中产阶级，公众号：宁南山。新浪微博:深圳宁南山,男,36,98083,76,
https://www.zhihu.com/people/chenyewu/following,吴辰晔,,男,50,9707,8,
https://www.zhihu.com/people/tastespirit/following,知味酱,微信公众号：TasteSpiritMag 个人微信：zhiweijiang2  ,女,,13509,260,
https://www.zhihu.com/people/DolbyWang/following,阿爾托莉雅,"Servant Eater, 遵從召喚而來。",女,56,2938,1,
https://www.zhihu.com/people/jianghanchen/following,江踏歌,无中生韭，空穴来庄。,男,551,71882,74,
https://www.zhihu.com/people/percy-233333/following,周笑予,Permanent Head Damage 情感博主,女,56,11513,20,
https://www.zhihu.com/people/rob-wen/following,纽约老闻,前美银美林/CFA/哥大/Stern MBA,男,70,40455,5,
https://www.zhihu.com/people/rouni/following,Ronnie X,Lifetime Reseacher,男,266,141213,54,
https://www.zhihu.com/people/luo-zhiyuan/following,Luo Zhiyuan,尽信知乎不如无知乎,男,122,468,0,
https://www.zhihu.com/people/jadecheungccc/following,Jade Cheung,,女,25,6919,1,
https://www.zhihu.com/people/waynezhang/following,Wayne Zhang,Auditing / Marketing,男,87,42962,3,
https://www.zhihu.com/people/IB_LBJ/following,IB LBJ,目标成为投行及投资界大咖的现外资投行小兵,男,40,1562,0,
https://www.zhihu.com/people/zhang-chuan/following,张川,产品经理/商业产品/蓝领招聘/生活服务,男,28,880,3,
https://www.zhihu.com/people/hu-zhi-71-47/following,hu zhi,pere to pe,男,4,90,0,
https://www.zhihu.com/people/justin/following,李广平,今日资本TMT投资，前App Store 中国区 Manager,男,47,1552,0,
https://www.zhihu.com/people/excited-vczh/following,vczh,,男,19497,730029,109,
https://www.zhihu.com/people/zhiguantt/following,植观的TT,前外企总监/ 现某不知名初创公司CEO,男,163,39446,0,
https://www.zhihu.com/people/edwinfu/following,付晟,法餐厨师，vintage 收藏玩家,男,48,1541,5,
https://www.zhihu.com/people/rachelyu/following,于玮,喜欢有趣的人生,女,12,133,0,
https://www.zhihu.com/people/Saal-Paradise/following,一苒,招聘汽车专业内容编辑&amp;商业分析师  详情查阅专栏置顶文章,男,502,81263,113,
https://www.zhihu.com/people/milkr/following,稻草,设计师,男,92,230384,12,
https://www.zhihu.com/people/gu-cheng-qi/following,顾成琦,华尔街见闻总裁，CPA,男,114,12145,321,
https://www.zhihu.com/people/whalestock/following,海鲸金融,共享型美股投资研究平台，资讯共享，观点交流,女,27,375,248,
https://www.zhihu.com/people/liao-yuan-huo-he-ta-peng-you-men/following,燎原火和他朋友们,Trader 寒夜客来茶当酒,男,9,143,0,
https://www.zhihu.com/people/abrahamabraham/following,Abraham,创业公司CEO / TO DO LIST等身,男,16,293,0,
https://www.zhihu.com/people/duguguiyu/following,范怀宇,爱创业爱生活的码农叔叔，轻芒联合创始人,男,111,5026,15,
https://www.zhihu.com/people/yxxxy510/following,木易,《私募股权LP》作者 ,男,29,4965,4,
https://www.zhihu.com/people/neozhang/following,张宁 Neo,One wants to know more.,男,80,15077,112,
https://www.zhihu.com/people/li-le-di/following,李樂迪,钢管舞娘/伊拉斯莫世界计划硕士/Intercomm Specialist,女,33,3357,0,
https://www.zhihu.com/people/excited_laile/following,来都来了,天然不刺激。公众号 dmn_love,女,723,84718,9,
https://www.zhihu.com/people/mount_cristo/following,edmond,自2017.6.7 退乎一年半（基本不写文章和回答了）,男,27,74113,4,
https://www.zhihu.com/people/Geauga/following,2-20滑膛枪等96人,488纳米光源,男,2529,7541,1,
https://www.zhihu.com/people/coolbrain/following,酷炫脑,公众号“酷炫脑” ，耶鲁大学精神病学博士后,女,238,108408,46,
https://www.zhihu.com/people/winter-25/following,winter,知乎吃枣药丸,男,1096,110486,10,
https://www.zhihu.com/people/gong-lu-shang-dian-ontheroadstore/following,公路商店ontheroadstore,为你不着边际的企图心,男,5,60551,169,
https://www.zhihu.com/people/fquncle1/following,财商大叔,,男,157,27235,11,
https://www.zhihu.com/people/chen-bin-99-5-4/following,跳舞,是，我换头像了，咋地！是胖了，怎样！哼！,男,788,213908,10,
https://www.zhihu.com/people/lian-sang/following,莲桑,CyberPunk,男,188,2270,4,
https://www.zhihu.com/people/bai-ru-bing-58/following,白如冰,学问笃实生光辉,男,3489,135034,10,
https://www.zhihu.com/people/GASYGO/following,关爱失业狗人士,可能是职场类持比特币最多的答主。,男,102,16681,73,
https://www.zhihu.com/people/yusen/following,戴雨森,真格基金合伙人，聚美优品联合创始人,男,167,51089,5,
https://www.zhihu.com/people/lov1/following,子楠,微信公号nanzizhou，大哥们别再私信和评论区问了，简介里啥都写了能自己看嘛,男,1216,22399,53,
https://www.zhihu.com/people/xiao-xiao-ye-bo/following,勃加蕊,愿宇宙没有成功人士,男,284,12447,5,
https://www.zhihu.com/people/bo-xing-qiu/following,勃力口minus,,男,1,642,0,
https://www.zhihu.com/people/satoshi_nakamoto/following,中本聪,Bitcoin maximalist | 英文大咖 | 开源程序爱好者,男,154,8535,6,
https://www.zhihu.com/people/punklife/following,Punk Life,In Satoshi We Trust,男,160,1592,17,
https://www.zhihu.com/people/da-qi-seven-39/following,大琦seven,,男,14,12,0,
https://www.zhihu.com/people/yidongcn/following,一东,《道德经》研修,男,167,144,105,
https://www.zhihu.com/people/liu-gang-59-33/following,觉正净,观者， 如虚空,男,277,119,0,
https://www.zhihu.com/people/li-ming-92-15/following,憂國烈火禪,UCB思想史博士   儒家哲學 / 星命學研究,男,98,8980,3,
https://www.zhihu.com/people/jue-jiang-he-er-fang-zhu-hai/following,决江河而放诸海,专门研究阳明学,男,496,121,1,
https://www.zhihu.com/people/yang-chen-yu/following,琢朴,不乏知识，但缺真知,男,14,75,5,
https://www.zhihu.com/people/cloudyson/following,云云云云中鹤,念经敲罄拉二胡吹箫弹古筝,男,540,18365,12,
https://www.zhihu.com/people/zan-zan-19-82/following,瓒瓒,擅长情感和命理分析，写对人切实有用的干货,女,44,6470,0,
https://www.zhihu.com/people/yanghaiyu/following,无住居士,学心学，致良知,男,20,583,93,
https://www.zhihu.com/people/shan-fei-85/following,谭无稽,个人微信公众号“大阴阳论”（ID：dayinyanglun）,男,85,4437,115,
https://www.zhihu.com/people/a-sun-99/following,重楼楼,极乐世界的钥匙（key关键）：人类天生洁净,男,515,1963,46,
https://www.zhihu.com/people/yu-shun-94/following,虞舜,知乎战斗机  编号：tkop520,男,299,14051,22,
https://www.zhihu.com/people/zhang-fang-3-23/following,张方,公众号：小方说历史（xfsls1990）。人人网刘备。微博@小方说历史。,男,322,95433,16,
https://www.zhihu.com/people/liu-xing-chi/following,刘星驰,文化研究博士，IRCL，法国,男,197,7123,7,
https://www.zhihu.com/people/zhao-xu-86-2/following,Zhao Xu,进击的码农！,男,31,35,1,
https://www.zhihu.com/people/maimu/following,孔鲤,士不可以不弘毅,男,293,156285,0,
https://www.zhihu.com/people/ye-yu-zhi-feng/following,夜雨之风,哲思类（原创性）文章可关注微信公众号“肆易中西”(yeyu201693),男,98,4074,21,
https://www.zhihu.com/people/ma-san-you-91/following,古土雷柏,知识图谱\教育工程\认知可视化,男,324,3958,0,
https://www.zhihu.com/people/shen-ma-feng-liao/following,神马疯了,区块链（Blockchain）爱好者、投资人,男,77,6155,14,
https://www.zhihu.com/people/zhu-li-84-97/following,耐心是伟大的美德,产品经理,男,18,917,0,
https://www.zhihu.com/people/BitMEX_Official/following,BitMEX 研究,加密币合约交易平台,男,,324,20,
https://www.zhihu.com/people/xiao-xi-89-1011/following,张行,专注区块链价值投资，微博：EOS投资，微信公众号：区块链投资导航 不加微信、重复回应,男,80,8294,99,
https://www.zhihu.com/people/wang-lu-43-95/following,王路,新书《沉住气，吃硬饭》,男,722,128794,517,
https://www.zhihu.com/people/xing-he-9/following,星河,,男,68,311,0,
https://www.zhihu.com/people/biquan-maolulu/following,币圈毛路路,,男,4,713,28,
https://www.zhihu.com/people/peckshield/following,PeckShield,,男,,71,11,
https://www.zhihu.com/people/xiamengqian/following,夏蒙乾,"NoteBook玩家/DotAer/吃货 
笔记本选购深度咨询请走值乎通道",男,491,2165,7,
https://www.zhihu.com/people/vipdomain/following,搬山工,互联网老兵，原火币网早期成员，蜘蛛科技联合创始人,男,17,503,10,
https://www.zhihu.com/people/linzheming/following,linzheming,"""In Cryptography we Trust.""",男,321,713,0,
https://www.zhihu.com/people/xiaojifei/following,小鸡飞,,男,27,54,0,
https://www.zhihu.com/people/cannizzaro-reaction/following,康尼扎罗反应,学生,男,73,155,0,
https://www.zhihu.com/people/williamzhang/following,张伟,CICPA,男,64,4358,6,
https://www.zhihu.com/people/jin-xiao-94-7/following,金晓,我超级懒的|向罪恶资本主义抗争的共产主义斗士,男,6,863,12,
https://www.zhihu.com/people/atrax/following,中本蒜,开脑洞专家，方法论小小心得,男,133,5573,22,
https://www.zhihu.com/people/linnaea-lavia/following,某琳,半吊子程序猿 / 所有内容均不构成投资建议，韭菜被割后果自负,男,65,267,2,
https://www.zhihu.com/people/jiang-gong-zi-46/following,蒋公子,金融从业者,男,13,16,0,
https://www.zhihu.com/people/bi-quan-bang-de/following,币圈邦德,区块链,男,,135,553,
https://www.zhihu.com/people/yi-shui-han-26-44/following,易水寒,餐饮业一小兵,男,9,29,0,
https://www.zhihu.com/people/xu-zhe-42/following,许哲,胆小如鼠，从不瞎赌,男,94,86477,68,
https://www.zhihu.com/people/williamlong/following,月光博客,微信：williamlong,男,75,22018,9,
https://www.zhihu.com/people/wang-chao-10-28/following,王超,银行 司库 货币 债券,男,14,32288,3,
https://www.zhihu.com/people/elaine2012/following,倩文,,女,6,5093,4,
https://www.zhihu.com/people/jing-agnes/following,婧Agnes,"人民有信仰,民族有希望,国家有力量",女,13,431,0,
https://www.zhihu.com/people/richard-xu-25/following,Richard Xu,专栏：经济学博士生的日记本,男,1415,63834,142,
https://www.zhihu.com/people/Metaphox/following,涛吴,Really Whips the Llama's Ass,男,916,198710,12,
https://www.zhihu.com/people/guan-ya-ni/following,管娅妮,对世界充满好奇,女,3,70,1,
https://www.zhihu.com/people/rain-zhang-81/following,Rain Zhang,公募基金投资经理，微信公众号：泛舟聊投资,男,9,13150,0,
https://www.zhihu.com/people/chen-zhuo-49/following,陈茁,我是不是萌萌哒？,男,119,54311,15,
https://www.zhihu.com/people/maxdeath/following,maxdeath,信息论博士，区块链博士后,男,241,15811,9,
https://www.zhihu.com/people/jiang-he-49-32/following,江何,编程-创业-文史-摔跤-吹牛 ， 都还是naive,男,954,4554,7,
https://www.zhihu.com/people/cindyfun/following,沫糖糖,"Blockchain, VC, HKICPA",女,36,10436,1,
https://www.zhihu.com/people/Callistemon/following,Callistemon,一盘机智的红烧肉,男,,18,0,
https://www.zhihu.com/people/deng-huo-lan-shan-52-60/following,灯火阑珊,,男,,15,0,
https://www.zhihu.com/people/ao-ao-duo-fa-dian/following,嗷嗷多发点,职业赌徒,男,29,57,0,
https://www.zhihu.com/people/chen-xin-33-33/following,陈昕,迷失滴小孩,男,,17,0,
https://www.zhihu.com/people/allen-zheng-12/following,allen zheng,No use is of great use,男,,17,0,
https://www.zhihu.com/people/yiboxiansheng/following,衣钵先生,电商 摄影 文玩 翡翠 网赚偏门,男,24,19923,232,
https://www.zhihu.com/people/shenyantao-60/following,StochasticWalker,民间分析师，野生评论员,男,7,1349,6,
https://www.zhihu.com/people/_Zen/following,枯禅,此处无声胜有声……,男,311,16656,0,
https://www.zhihu.com/people/reseted1499407569/following,[已重置],,男,,15687,0,
https://www.zhihu.com/people/liaolipc/following,廖力,批发股票、基金、债券、期货,男,211,1447,2,
https://www.zhihu.com/people/fengtang1971/following,冯唐,诗人,男,3,8113,1,
https://www.zhihu.com/people/nanxiaopeng/following,南小鹏,江苏省理财师协会 秘书长,男,110,26915,148,
https://www.zhihu.com/people/simplelifelu/following,路有所思,要做吃纯素健身的期权交易员中vlog做的最好的,男,36,2537,17,
https://www.zhihu.com/people/jiang-hai-48/following,江海,不会金融的物理学家不是好厨子,男,,3082,6,
https://www.zhihu.com/people/dongkeren/following,董可人,Taurus.ai 创始人,男,150,71919,15,
https://www.zhihu.com/people/wuye9036/following,空明流转,少年低俗，青年猥琐，中年油腻。,男,1301,44408,103,
https://www.zhihu.com/people/ZASA/following,鸑鷟鹓鶵,拾人牙慧，手有余香,男,207,29252,22,
https://www.zhihu.com/people/traderusingpython/following,用Python的交易员,vn.py作者,男,119,36303,61,
https://www.zhihu.com/people/zheng-hai-yang-34/following,天外的琴弦,心理学者,男,1189,3023,5,
https://www.zhihu.com/people/zhou-ruo-yu-99-95/following,剑圣喵大师,个人公众号：剑圣喵大师,男,114,259675,147,
https://www.zhihu.com/people/philippes/following,PhilippeS,Private Equity | Fiction,男,200,43634,24,
https://www.zhihu.com/people/epicastle/following,Epicastle,微信公共号:heichengbao,女,56,15333,92,
https://www.zhihu.com/people/pan-zhi-li-3/following,潘志立,公众号:篮外空心,男,347,13463,243,
https://www.zhihu.com/people/wang-da-li-31/following,王大力,得意时多做事，失意时多读书,男,149,36411,34,
https://www.zhihu.com/people/blueven/following,Ven,微信公众号：拆盒网,男,135,4234,0,
https://www.zhihu.com/people/reallysugar/following,无色方糖,为每个关注我的人藏一句话,女,145,236095,137,
https://www.zhihu.com/people/vinceyu1/following,VinceY,"前老虎系对冲基金，现投行股票研究. 健身狂热, 德扑输家, 一杯倒",男,80,11601,4,
https://www.zhihu.com/people/qianziqian/following,骞子,专业美国人才移民EB1a|Patchi中国负责人,女,11,3255,0,
https://www.zhihu.com/people/mei-teng-tian/following,腾天,不客气不客气,男,1051,77206,23,
https://www.zhihu.com/people/sumuyu/following,苏穆羽,知乎是个巨大的echo chamber,男,181,14582,31,
https://www.zhihu.com/people/orange-paranoid/following,orange paranoid,,女,15,15271,0,
https://www.zhihu.com/people/lennyzhang/following,兰尼,"Sir, anecdote is not evidence",男,2,15020,0,
https://www.zhihu.com/people/dududubyhimself/following,dududu自己玩,北斗里藏身,男,72,1862,24,
https://www.zhihu.com/people/li-yi-rui-30/following,Lightwing,公众号：Lightwing   微博：李轶睿,男,336,253632,8,
https://www.zhihu.com/people/jinercheung/following,张今儿,公众号：张今儿 ,女,30,55289,15,
https://www.zhihu.com/people/zhao-___-si/following,赵四ZS,反射弧可以绕地球两圈,女,67,21641,0,
https://www.zhihu.com/people/zxuefei/following,生煎孢子,行不更名坐不改公众号niyaoxuehao,女,62,32501,29,
https://www.zhihu.com/people/be-free-to-follow-me/following,Gabriel,finc &amp; acc &amp; law/ James Spader脑残粉,男,56,2889,1,
https://www.zhihu.com/people/jiaji-deng/following,胖子邓,想象晴空，有云雀相送。,男,63,93042,13,
https://www.zhihu.com/people/tang-zhuo-jing/following,糖小豆,总是顽童，偶尔不靠谱,男,2,76,0,
https://www.zhihu.com/people/liu-xing-yu-29/following,医疗FA刘兴宇,服务优秀的医疗创业者，服务懂行的医疗投资人。,男,44,1269,5,
https://www.zhihu.com/people/sun-le-89-27/following,孙安娜,An Empiricist.,女,34,2408,21,
https://www.zhihu.com/people/jackie-26-42/following,Jackie,澳洲留学 商科 会计,男,,1,0,
https://www.zhihu.com/people/EDASP/following,Panzerschreck,前美国陆军士兵/亲历阿富汗反恐战争/微信号trajectory050,男,195,10671,0,
https://www.zhihu.com/people/matt-faherty/following,Matt Faherty,Ivypedia Chief Operating Officer,男,83,9472,0,
https://www.zhihu.com/people/li-yinuo/following,李一诺,一土学校创始人，前麦肯锡全球合伙人， 内心文青屌丝；归国女博士，有马甲线的仨娃妈,女,5,18618,8,
https://www.zhihu.com/people/pingcejun/following,放心选·独孤评测,万物评测组织，公众号：放心选，fangxinpingce,男,186,61605,61,
https://www.zhihu.com/people/gong-qing-tuan-zhong-yang-67/following,共青团中央,共青团中央知乎官方帐号,男,285,330355,171,
https://www.zhihu.com/people/xking-2016/following,Mr.X,经济 政治 金融的瘾君子,男,29,3752,0,
https://www.zhihu.com/people/sans-nom-/following,Sans Nom,这个知乎账号自杀了。专心忙学术忙找工作。谢谢你们的爱。,男,211,4061,2,
https://www.zhihu.com/people/2zhuang/following,钱庄庄,眉形设计，美容咨询：xiumeizhuang12345678。,女,533,34901,1,
https://www.zhihu.com/people/luoyigz/following,骆仪,LonelyPlanet作者/潜水员/新书《京都好物》已上市,女,18,17336,79,
https://www.zhihu.com/people/threeshi-rui/following,Three诗睿,法律人、摄影痴、书籍癖，专栏：佩觹言法，执卮读史。,男,323,18384,28,
https://www.zhihu.com/people/syang389/following,sy389,In Dollar We Trust.,男,27,583,0,
https://www.zhihu.com/people/shen-lei-57/following,文嘉,,男,35,18495,1,
https://www.zhihu.com/people/dong-ke-ping/following,董克平,喜食好色的无业游民,男,17,7968,73,
https://www.zhihu.com/people/kwindva/following,易楚,终生学习，原始饮食,男,139,13816,97,
https://www.zhihu.com/people/lu-ren-jiu-shi-jian-55/following,毅种循环,哼！,男,1438,38226,73,
https://www.zhihu.com/people/li-kl-62/following,云里,,男,42,6130,4,
https://www.zhihu.com/people/zhen-shui/following,枕水,凡是你们赞同的我都要反对，凡是你们反对的我都要赞同，优先处理积压的邀请问题，,男,1988,11537,1,
https://www.zhihu.com/people/jiang-zhi-hong-2/following,Gingerrr,学生,女,,10,0,
https://www.zhihu.com/people/Huang-Lei-970106/following,黄磊,我的自卑只与知识有关,男,61,14652,7,
https://www.zhihu.com/people/mengyi-sun/following,mengyi sun,演化研究学者,男,3,240,6,
https://www.zhihu.com/people/liu-mu-ming-34/following,黑鱼,公众号：真空中的球形猫,男,37,469,2,
https://www.zhihu.com/people/yue-guo-han-tan/following,月过寒潭,职业打酱油,男,284,72,1,
https://www.zhihu.com/people/xKetoLab/following,师姐,营养学+医学信息双硕士 | 多年临床研究 | 公众号【ZERO实验室】创始人,女,38,19689,48,
https://www.zhihu.com/people/fuwocheng/following,傅渥成,统计物理 / 复杂系统 / 生物物理,男,371,141282,78,
https://www.zhihu.com/people/han-yi-lin-60/following,韩依霖,家庭教育推广/原始饮食/健康/金融,女,1,57,2,
https://www.zhihu.com/people/xu-lai-xi/following,许来西,Few things matter.,男,14,3485,0,
https://www.zhihu.com/people/hai-jing-vivian/following,海静Vivian,原始人的厨娘,女,,196,2,
https://www.zhihu.com/people/seerhut/following,孙皓,专业维修各类UFO,男,5,40,0,
https://www.zhihu.com/people/feidianturen/following,非典型土人,,男,518,2831,8,
https://www.zhihu.com/people/dsliu/following,石头布,龙光玉魄出冰天 - 华夏北来说,男,27,8612,63,
https://www.zhihu.com/people/OwlofMinerva/following,Owl of Minerva,Hic Rhodus Hic Salta,男,108,72366,23,
https://www.zhihu.com/people/KathleenCheung/following,KCheung,Steadfast.,女,20,257,0,
https://www.zhihu.com/people/elyn/following,elyn,公众号tianluo_hhhaze；新书《日日之食》,女,227,194431,46,
https://www.zhihu.com/people/hu-wai-tan-xian-za-zhi/following,户外探险杂志,知乎live：户外运动入门到精通,男,86,38461,185,
https://www.zhihu.com/people/nocturn/following,清流,留美心理咨询师，提供当面和远程心理咨询和临床督导,女,248,247435,19,
https://www.zhihu.com/people/liu-wei-zhuo-68-12/following,刘逸池,小可爱的丑八怪,男,1,2850,75,
https://www.zhihu.com/people/zitazita/following,ZitaZita,瑜伽师/命理师/健康师/自媒体,女,59,22854,17,
https://www.zhihu.com/people/ming-wei-shuo/following,李明威,接受咨询和预约康复，我的微信：18956789193,男,369,137270,334,
https://www.zhihu.com/people/luck-3-37/following,慌酥,我就是我，看自己都发火,女,19,225,0,
https://www.zhihu.com/people/yidailiuyin/following,竺映波,医学博士,女,27,8300,29,
https://www.zhihu.com/people/rain-tsai/following,RenC,,男,14,802,0,
https://www.zhihu.com/people/canslim/following,江南,欧奈尔投资俱乐部创始人,男,327,29521,99,
https://www.zhihu.com/people/luo-shu-cheng-1/following,罗书成,大叔永远是那个大叔,男,2,73,0,
https://www.zhihu.com/people/yu-mei-jun-91/following,康复师 于老师,国家卫生部认证康复治疗师 北京体育大学硕士 德国施罗特脊柱侧弯矫正,男,93,84186,37,
https://www.zhihu.com/people/zhefu7942/following,成哲夫,人性的观察、思考、批判,男,68,4780,34,
https://www.zhihu.com/people/gomodogo/following,毛豆,Journey is the reward.,女,12,5182,13,
https://www.zhihu.com/people/xu-po-29/following,徐坡,,男,113,219,0,
https://www.zhihu.com/people/guo-ran-bingo/following,王富贵,少抖包袱多读书,男,77,1212,0,
https://www.zhihu.com/people/zuo-xiao-xian/following,左小贤,以为看到的是别人，其实全是自己,女,173,12756,3,
https://www.zhihu.com/people/still-40/following,花痴女王,人如其名，公众号ID:huachinvwang“花吃了那女孩”,女,226,36796,171,
https://www.zhihu.com/people/zhang-shu-fan-65/following,章漱凡,学电影的,男,50,18613,67,
https://www.zhihu.com/people/meng-da-ming-bai-22/following,孟大明白,记者,女,12,7259,0,
https://www.zhihu.com/people/wonglei/following,王雷,程序员、创业者 - 戎码一生,男,400,9315,25,
https://www.zhihu.com/people/aaronli-yu-er/following,李小粥,上海交大非典型理工男，资深产品经理，公众号[喝粥小爷]。文章写得比代码快。,男,423,49256,10,
https://www.zhihu.com/people/zheng-shao-shan-49/following,郑少山,体育媒体人，超热爱韩流，耳机发烧友，音乐爱好者,男,1,2,0,
https://www.zhihu.com/people/zheng-gong-si/following,公子兔,愿逐月华流照君。公众号：林鲤间,女,37,40665,0,
https://www.zhihu.com/people/tao-mao-mao-chan/following,桃猫猫Chan,时尚且刚正不阿（公众号@美宗LOA）,女,138,13767,30,
https://www.zhihu.com/people/xiao-shou-qian-xiao-gou/following,小手牵小狗,综艺节目《小手牵小狗》官方知乎账号,男,1,23,1,
https://www.zhihu.com/people/zhu-kai-jie-45/following,叫我猪纠结,关注微信公众号：九歌说,男,60,12197,6,
https://www.zhihu.com/people/luo-hao-98-87/following,罗罔极,看电影的少年,男,100,86624,94,
https://www.zhihu.com/people/huolaoye/following,霍老爷,微信公号：霍老爷。,男,499,201308,86,
https://www.zhihu.com/people/jiejie_my_lover/following,蔡要要,公众号：蔡要要不吃药,女,112,110962,148,
https://www.zhihu.com/people/jieyu_chen/following,陈洁瑜,微信号：Touchme525,女,30,5865,2,
https://www.zhihu.com/people/jun-ye-2/following,jun ye,随波而不逐流,男,1,2359,0,
https://www.zhihu.com/people/huang-bu-hui-20/following,黄不会,欢迎关注我的公众号：不会谈,男,252,73293,83,
https://www.zhihu.com/people/bo-bang-ni-52/following,柏邦妮,哪有什么胜利可言，挺住就是一切。,男,29,108726,0,
https://www.zhihu.com/people/yolfilm/following,yolfilm,,男,1611,791130,0,
https://www.zhihu.com/people/guo-zi-501/following,张译,知乎000号员工+猫与观众的侍者,男,26,503005,6,
https://www.zhihu.com/people/liangbianyao/following,梁边妖,偶尔会发笑。,男,44,673582,16,
https://www.zhihu.com/people/focaccia/following,Focaccia,15岁录取牛津大学，20岁数学本硕毕业，高盛资产管理，微博katekate朱朱,女,26,4778,0,
https://www.zhihu.com/people/xxmajia/following,陈满砚,"程序员里吉他弹得最好的, 吉他手里程序写得最好的",男,1000,9862,1,
https://www.zhihu.com/people/timbernord/following,TimberNord,❀ the ultimate chinaman,男,44,34525,32,
https://www.zhihu.com/people/dun-dun-dun/following,顿顿顿,画画/游戏/动漫/死宅/漫画,女,69,14988,36,
https://www.zhihu.com/people/fanfun/following,Funfan,,女,30,14433,0,
https://www.zhihu.com/people/you-ben-shi-ni-lai-mie-wo-ya/following,有本事你来咩我呀,我的热爱是万念俱灰 我的热爱是一步之差,女,69,32640,0,
https://www.zhihu.com/people/miao-jiang-3/following,巩玺,北京大学口腔医院口腔颌面外科学博士,女,128,26381,0,
https://www.zhihu.com/people/chengai/following,程嫒,一只在意呆梨学习歌剧的唱歌喵ʕ •ᴥ•ʔ,女,37,2152,0,
https://www.zhihu.com/people/kaiserwangsitu/following,王司图,立红号志,男,96,300815,68,
https://www.zhihu.com/people/ji-da-fa-37/following,纪大发,三观比五官还正（微信：jidafa2）,女,853,157528,18,
https://www.zhihu.com/people/xiaohua/following,婕妤,年轻时靠才华，年老后靠颜值。知乎人称陈意涵她妹。,女,206,34204,9,
https://www.zhihu.com/people/nusbrant/following,痕量Brant,公众号：本软特(gogobrant) 犬系/基础医学/生物科普,男,182,142562,11,
https://www.zhihu.com/people/chu-mi-lao/following,出迷佬,一个比较英俊的平凡中年,男,4,744,0,
https://www.zhihu.com/people/OkayLiu/following,刘也行,创业投资/资产管理,男,2,19348,0,
https://www.zhihu.com/people/hua-sha-94/following,华沙,NTU心理学博士在读。UoG心理学研究方法硕士。BJFU心理学学士。,男,204,43339,43,
https://www.zhihu.com/people/wei-jia-fu-98/following,温柔,不爱开脑洞的温柔。,男,116,93535,91,
https://www.zhihu.com/people/zhu-xuan-86/following,朱炫,闷骚而近妖                微博：大师兄_朱炫,男,216,713263,52,
https://www.zhihu.com/people/wang-pai-jiang-jie-yuan/following,王牌讲解员,天津博物馆即将迎来百岁生日！,男,26,23041,42,
https://www.zhihu.com/people/da-xiang-gong-hui-12/following,大象公会,精 神 食 粮,男,77,19757,15,
https://www.zhihu.com/people/hbcrxlzx/following,造梦者,专注湖北自考，微信：HBCRXLZX,男,122,508,0,
https://www.zhihu.com/people/wang-yang-yufan/following,骨科医生王杨雨凡,"公众号:骨科医生王杨雨凡知乎专栏:谈骨论筋",男,257,12284,60,
https://www.zhihu.com/people/xing-ying-lu-xing/following,行影旅行,旅行服务，选行影就够了！微信：行影Travel；微博：行影旅行,男,72,13233,32,
https://www.zhihu.com/people/lu-guan-jun-88/following,陆冠均(opllx),美剧、电影、海贼评论写手（公号“有爱评论区”）,男,247,11071,172,
https://www.zhihu.com/people/zhang-ju-man/following,怪兽叁叁,想养猫咪却养了守宫的二点五次元合法萝莉,女,55,1029,0,
https://www.zhihu.com/people/zhanghui33/following,肛里拉出个电锯,蔡英文与矮大紧即将联手冈比亚展开反攻作战,男,9052,59036,90,
https://www.zhihu.com/people/zhi-yu-zhi-shan-76/following,阿正,百度百科TA说特邀的首位漫评人  微信公众号：阿正说动漫（azhengshuo）,男,27,25918,204,
https://www.zhihu.com/people/wang-hong-hao-99/following,王洪浩,清华大学励学金计划资助人：看见有趣的人不关注以后想看就再也找不到了,男,971,100803,248,
https://www.zhihu.com/people/ya-zhi-chuang/following,Ravenfield,SCP基金会中国分部2级研究员,女,28,334,0,
https://www.zhihu.com/people/zhang-shuai-49/following,隔壁小张,微信搜索公众号YXECG，每日更新STEAM打折信息。,男,303,10627,150,
https://www.zhihu.com/people/xi-xi-75-92-64/following,西西,不会滑旱冰的鼓手不是好厨子,女,3,22,1,
https://www.zhihu.com/people/Namoamitabhaya/following,杨大懒人,一出手就carry全场,男,551,99830,5,
https://www.zhihu.com/people/ting-zhong-xu/following,Asriel,小黑盒作者-指针//悖论爱好者,男,11,334,5,
https://www.zhihu.com/people/ge-bi-lao-wang-de-qian-qi/following,梁斯琪,本宝宝很严肃，不要调戏 (๑•́ ₃•̀๑ ),女,17,1138,0,
https://www.zhihu.com/people/caipengyue/following,Cathy,旅行,女,7,46,0,
https://www.zhihu.com/people/dou-wei-52-22/following,窦唯,音乐人,男,1,117988,0,
https://www.zhihu.com/people/oriolpaulo/following,OriolPaulo,《看不见的客人》的导演,男,5,12004,0,
https://www.zhihu.com/people/guanhaielves/following,看山不是山,有九条命的设计师~公众号:观海PPT,男,60,44878,39,
https://www.zhihu.com/people/amozii/following,mon,,女,49,15048,0,
https://www.zhihu.com/people/lei-shi-gen/following,leiSG,分享有趣，有货的优质答案！主页有新大陆~欢迎互关～_(:зゝ∠)_,男,82,3815,1,
https://www.zhihu.com/people/leameowmeow/following,李喵喵,有时也被智商低于105的用户关注,女,753,19525,5,
https://www.zhihu.com/people/mu-dao-chou/following,穆纛雠,丑子,男,276,41902,53,
https://www.zhihu.com/people/miaomiaomiao/following,徐湘楠,公众号：青读,男,1129,121569,381,
https://www.zhihu.com/people/yin-cong-2/following,情何以甚,我纵身一跃，跳进人的海洋。,男,184,156765,234,
https://www.zhihu.com/people/sheng-fan-jin-yi/following,圣范锦意,著名无节操人工智能/污妖王/值乎解惑/公众号：圣范锦意,男,4172,170916,31,
https://www.zhihu.com/people/wan-zhuan-shou-ji-she-ying/following,好摄大叔,微信公众号：玩转手机摄影（wzsjsy）公众平台创始人，资深手机摄影发烧友,男,116,41120,259,
https://www.zhihu.com/people/ying-xiong-lian-meng-56-33/following,英雄联盟,英雄，一起去超越！,男,26,29778,116,
https://www.zhihu.com/people/jing-yu-she-ji-whaledesign/following,精于设计WhaleDesign,加微信进设计爱好者群：talktowhale，进群暗号【知乎来的】,男,27,14332,9,
https://www.zhihu.com/people/travelid-30/following,TraveliD,,男,75,16961,47,
https://www.zhihu.com/people/ao-han-chang-38/following,敖厂长,业余视频作者,男,,8375,2,
https://www.zhihu.com/people/du-lei-si-26-55/following,杜蕾斯,谈性很性感,男,315,98883,25,
https://www.zhihu.com/people/wu-shan-shan-75-59/following,是33呀,工科女 准研究生,女,7,4709,0,
https://www.zhihu.com/people/topbook/following,Topbook,微信搜索Topbook，共享一千支高效技能视频。,男,55,37011,119,
https://www.zhihu.com/people/F_falcon/following,梦尧,视频后期与对生活的审视。,男,175,64564,0,
https://www.zhihu.com/people/rong-yao-shou-ji/following,荣耀手机,勇敢做自己,男,97,7595,66,
https://www.zhihu.com/people/simona-wen/following,Simon阿文,一线PPT技师，很色。公众号：我懂个P,男,19,64282,11,
https://www.zhihu.com/people/AugusChen/following,奥革士,独立开发者，用户体验爱好者,男,42,186,1,
https://www.zhihu.com/people/wps-office/following,WPS Office,,男,34,3422,100,
https://www.zhihu.com/people/islide/following,iSlide,iSlide，让PPT设计变得简单起来！,男,15,3275,37,
https://www.zhihu.com/people/qing-mang-3-95/following,轻芒,让理想生活的样子清晰可见,男,40,3130,159,
https://www.zhihu.com/people/bo-qi-wang/following,波奇网,App：波奇宠物 全面关爱宠物生活,男,277,15700,289,
https://www.zhihu.com/people/mryell/following,高毅,Topbook 创始人，觉己,男,6,368,7,
https://www.zhihu.com/people/junyu/following,王俊煜,轻芒联合创始人,男,111,156225,35,
https://www.zhihu.com/people/hibettermen/following,章辰,Engineer / Husband / Farther / Zzzz,男,124,692,9,
https://www.zhihu.com/people/ma-zhu-65-91/following,麻宁,麻宁，天使投资机构娱乐工场副总裁，专栏作家。,女,245,19513,31,
https://www.zhihu.com/people/xiao-yang-1/following,肖杨,一只研究人类营销管理的咩,女,30,5074,10,
https://www.zhihu.com/people/gui-duo-da-lai-zuo/following,圭多达莱佐,三角铁十级,男,1446,135924,60,
https://www.zhihu.com/people/hbmengzhu/following,皇抱萌主,宠物医生，弄了个公众号 hbmengzhu，分享一些宠物护理干货与趣闻,女,,3,0,
https://www.zhihu.com/people/shu-ju-bing-shan/following,数据冰山,为你揭开隐藏于冰山水面下的数据秘密,男,,19370,34,
https://www.zhihu.com/people/a-hun/following,阿混,知乎问题青年,男,784,18937,30,
https://www.zhihu.com/people/kua-ke-liu-lan-qi/following,夸克浏览器,极致浏览体验,男,8,2899,7,
https://www.zhihu.com/people/zhenghongyuan/following,郑宏远,前夸克浏览器产品负责人,男,11,444,3,
https://www.zhihu.com/people/qin.chao/following,覃超,曾经沧海难为水的Facebook早期员工,男,412,149596,184,
https://www.zhihu.com/people/tao-li-xia-55/following,陶立夏,作家，著有小说《喜乐章》、《分开旅行》，译作《夜航西飞》,女,,712,0,
https://www.zhihu.com/people/chenghan/following,程瀚,你不懂，你没红过。,男,56,263098,76,
https://www.zhihu.com/people/chu-yang-51-32/following,初洋,丁香医生总编,男,255,210219,82,
https://www.zhihu.com/people/jiyang/following,纪杨,,男,112,987,3,
https://www.zhihu.com/people/olditor/following,老编辑,@不上班,男,323,51309,82,
https://www.zhihu.com/people/fangkc/following,方可成,宾大博士生，前《南方周末》记者，政见CNPolitics发起人,男,125,43321,75,
https://www.zhihu.com/people/xiao-xiao-80/following,inneruniverse,,女,22,160,0,
https://www.zhihu.com/people/daisy-65/following,宋墨馨Moxin,我的工作就是发现美、接触美和创造美，也将这些灵感分享与你,女,17,1757,36,
https://www.zhihu.com/people/yuancheng/following,Koji,,男,49,17901,1,
https://www.zhihu.com/people/sizhuren/following,寺主人,150万女生关注的微信公众号：女神进化论,女,155,686451,164,
https://www.zhihu.com/people/ai-sheng-huo-de-ma-ke-jun/following,爱生活的马克君,实测好物,男,48,48588,33,
https://www.zhihu.com/people/li-pen/following,李盆,微信同步更新，号是lipenlipen,男,80,44937,58,
https://www.zhihu.com/people/wang-mou-mou-27-21/following,Mr.Gallagher,,男,4,62,0,
https://www.zhihu.com/people/PQ186/following,刘天媛,光涧实验室,男,1,160,23,
https://www.zhihu.com/people/suomali/following,索马里,编辑，译者。,男,14,470,0,
https://www.zhihu.com/people/daclods/following,乌云装扮者,媒体 / 心理,男,3,873,0,
https://www.zhihu.com/people/haoxiaoru/following,郝晓茹,,男,19,503,2,
https://www.zhihu.com/people/miloyip/following,Milo Yip,游戏程序员、《游戏引擎架构》译者,男,1659,158811,53,
https://www.zhihu.com/people/ThreeQian/following,钱真理,物联网/新能源/消费/有趣的人,男,33,4534,88,
https://www.zhihu.com/people/carol-xia-yan/following,Carol 夏焱,,女,62,11767,79,
https://www.zhihu.com/people/michael-li-72/following,Michael Li,数学狗，但不务正业，拥有广泛的兴趣爱好,男,21,2942,1,
https://www.zhihu.com/people/jack-lin-85/following,Jack Lin,人才,男,,4,0,
https://www.zhihu.com/people/ricky-95-83/following,Laughing,Laughing只说实话。,男,100,16381,0,
https://www.zhihu.com/people/yyuan-shi/following,Yuan S,嘘,女,10,440,0,
https://www.zhihu.com/people/cheng-tu-zi-17/following,已退乎的程兔子,已正式从物理系叛逃至地球科学。,女,17,5550,0,
https://www.zhihu.com/people/yu-xiang-48-88/following,旧诗作者空浪,為厭古人詩太悶，頻頻塗改古人詩。,男,24,3077,3,
https://www.zhihu.com/people/zhang-yun-jin/following,张云金,纯GISer，业余 PPTer，【GISer入门】知识星球领主,男,78,1769,38,
https://www.zhihu.com/people/luo-da-you-41-37/following,罗大佑,哼歌唱曲的大伯,男,6,31391,0,
https://www.zhihu.com/people/song-xiang-yu-75-99/following,字幕君,,男,55,201,6,
https://www.zhihu.com/people/tang-da-zhu-54/following,唐大宁,,男,,62,0,
https://www.zhihu.com/people/qin-zi-chuan/following,好大一盆绿萝,描述完了不定个新种嘛？不定不描述╮ (. ❛ ᴗ ❛.) ╭,男,161,6944,0,
https://www.zhihu.com/people/yangyuqinghhh/following,楊雨卿,想象十年之後春。,男,29,468,1,
https://www.zhihu.com/people/qin-zi-yun-1/following,秦子雲,東風收拾殘宵了紅日當空結一趺,男,1,1187,0,
https://www.zhihu.com/people/yun-fei-yang-53-38/following,云飞扬,不会写诗。,男,18,800,1,
https://www.zhihu.com/people/bao-xiang-zhai-zhu-ren/following,浣響齋主人,觸目淒涼多少悶。,男,6,163,0,
https://www.zhihu.com/people/liuqucanhe/following,留取残荷,PLA博士。诗人。传灯者。边界探索者。,男,2053,2140,127,
https://www.zhihu.com/people/zou-jing-fu-81/following,騶虞,渺渺小學生。,男,484,1509,1,
https://www.zhihu.com/people/pei-jie-xi-feng-yuan/following,明夷待訪,讀書人，號巋齋居士。,男,113,2818,1,
https://www.zhihu.com/people/luo-xuan-zhen-li/following,螺旋真理,博物馆学民科,男,2937,65401,53,
https://www.zhihu.com/people/gu-wan-cheng/following,一顾江城秋气晚,三生如酒一浇休,男,260,1322,2,
https://www.zhihu.com/people/zhang-zi-xuan-22-45/following,秦妙公,誠念德波大法好，關鍵時刻命能保。,男,66,634,5,
https://www.zhihu.com/people/ceres-52/following,ceres,砍步里奇/三一饭堂/数学渣,男,10,229,0,
https://www.zhihu.com/people/miao-miao-miao-66-65/following,苗喵喵,M god,女,27,441,0,
https://www.zhihu.com/people/dfptim/following,dfp-tim,什么都想却什么也做不成的人,男,,4,0,
https://www.zhihu.com/people/fassavoy-sheron/following,jkfoegxhfk,,女,,2,0,
https://www.zhihu.com/people/jiu-san-san-21/following,久三三,学生,女,1,8,0,
https://www.zhihu.com/people/liu-yu-20-52/following,小月童,一个没有实力的Cynicalist.,男,,41,0,
https://www.zhihu.com/people/fishxiao-jie-you-hu-ya/following,fish小姐有虎牙,人格分裂妥妥的 密码常常忘掉 回答删了又改 //,女,5,7,0,
https://www.zhihu.com/people/cc-kev/following,Kevv C,布村学生，留英狗,男,64,5,0,
https://www.zhihu.com/people/ying-kai-ze/following,Felix.Y,老年人,男,7,292,0,
https://www.zhihu.com/people/wang-zi-han-50-75/following,Eddie,,男,,1,0,
https://www.zhihu.com/people/jin-se-chun/following,槿色,我想写个好故事。,女,6,97,0,
https://www.zhihu.com/people/niu-yu-tong/following,牛雨桐,东北育才 新加坡ACS(I),女,,36,1,
https://www.zhihu.com/people/Argentum/following,zheng,国家一级插旗手,男,134,241,0,
https://www.zhihu.com/people/janis-qi/following,Janis Qi,可能是个学化学的吧,女,1,14,0,
https://www.zhihu.com/people/jenniferniu/following,Jennifer Niu,,女,,14,0,
https://www.zhihu.com/people/xj-rao/following,raoxj,吃饭睡觉做数学题,男,18,102,0,
https://www.zhihu.com/people/ultradefv/following,JupiturnV,,女,1,10,0,
https://www.zhihu.com/people/ruan-ruan-16-87/following,软软,软软是学长！,女,1,84,0,
https://www.zhihu.com/people/chi-sao-26-21/following,离骚,,男,,1,0,
https://www.zhihu.com/people/sunrise-sun-45/following,Sunrise Sun,冲向Div A的Cam工程狗,男,22,53,0,
https://www.zhihu.com/people/kai-king-67/following,Caesar Wang,"Biology Olympiad,Applying for Cambridge",男,23,46,0,
https://www.zhihu.com/people/chen-ze-kun-1-52/following,陈泽坤,花瓣、气球和芒果糖,男,163,11980,12,
